# 3D ULPIN real building massing
# Working CRS: EPSG:32646
# Local origin UTM: E=371252.71457439533, N=2891993.0222603036
v -2061.933 5172.394 0.000
v -2078.826 5156.291 0.000
v -2079.877 5119.491 0.000
v -2085.600 5118.873 0.000
v -2099.540 5104.292 0.000
v -2100.759 5049.758 0.000
v -2088.803 5035.248 0.000
v -2080.042 5035.824 0.000
v -2081.085 4999.700 0.000
v -2063.079 4983.456 0.000
v -2042.549 4983.581 0.000
v -2042.446 4960.151 0.000
v -2064.984 4961.043 0.000
v -2081.296 4945.145 0.000
v -2083.353 4907.690 0.000
v -2091.094 4908.101 0.000
v -2104.001 4895.846 0.000
v -2102.906 4836.936 0.000
v -2090.242 4825.099 0.000
v -2083.517 4825.031 0.000
v -2084.157 4795.250 0.000
v -2083.225 4787.542 0.000
v -2070.252 4772.689 0.000
v -1960.898 4771.919 0.000
v -1945.942 4787.166 0.000
v -1944.879 4792.506 0.000
v -1940.841 4792.465 0.000
v -1942.308 4780.771 0.000
v -1938.301 4777.717 0.000
v -1896.911 4777.965 0.000
v -1897.772 4792.707 0.000
v -1893.041 4794.997 0.000
v -1893.085 4812.511 0.000
v -1937.445 4812.138 0.000
v -1938.148 4821.705 0.000
v -1923.189 4837.284 0.000
v -1920.628 4891.129 0.000
v -1934.267 4906.331 0.000
v -1942.009 4905.745 0.000
v -1941.641 4942.208 0.000
v -1957.626 4958.775 0.000
v -1980.844 4958.666 0.000
v -1980.618 4981.096 0.000
v -1956.061 4981.180 0.000
v -1938.054 4997.726 0.000
v -1937.366 5033.201 0.000
v -1932.649 5033.153 0.000
v -1919.736 5046.072 0.000
v -1920.496 5104.636 0.000
v -1931.144 5116.131 0.000
v -1937.633 5116.894 0.000
v -1938.566 5154.157 0.000
v -1956.153 5169.367 0.000
v -2061.933 5172.394 12.800
v -2078.826 5156.291 12.800
v -2079.877 5119.491 12.800
v -2085.600 5118.873 12.800
v -2099.540 5104.292 12.800
v -2100.759 5049.758 12.800
v -2088.803 5035.248 12.800
v -2080.042 5035.824 12.800
v -2081.085 4999.700 12.800
v -2063.079 4983.456 12.800
v -2042.549 4983.581 12.800
v -2042.446 4960.151 12.800
v -2064.984 4961.043 12.800
v -2081.296 4945.145 12.800
v -2083.353 4907.690 12.800
v -2091.094 4908.101 12.800
v -2104.001 4895.846 12.800
v -2102.906 4836.936 12.800
v -2090.242 4825.099 12.800
v -2083.517 4825.031 12.800
v -2084.157 4795.250 12.800
v -2083.225 4787.542 12.800
v -2070.252 4772.689 12.800
v -1960.898 4771.919 12.800
v -1945.942 4787.166 12.800
v -1944.879 4792.506 12.800
v -1940.841 4792.465 12.800
v -1942.308 4780.771 12.800
v -1938.301 4777.717 12.800
v -1896.911 4777.965 12.800
v -1897.772 4792.707 12.800
v -1893.041 4794.997 12.800
v -1893.085 4812.511 12.800
v -1937.445 4812.138 12.800
v -1938.148 4821.705 12.800
v -1923.189 4837.284 12.800
v -1920.628 4891.129 12.800
v -1934.267 4906.331 12.800
v -1942.009 4905.745 12.800
v -1941.641 4942.208 12.800
v -1957.626 4958.775 12.800
v -1980.844 4958.666 12.800
v -1980.618 4981.096 12.800
v -1956.061 4981.180 12.800
v -1938.054 4997.726 12.800
v -1937.366 5033.201 12.800
v -1932.649 5033.153 12.800
v -1919.736 5046.072 12.800
v -1920.496 5104.636 12.800
v -1931.144 5116.131 12.800
v -1937.633 5116.894 12.800
v -1938.566 5154.157 12.800
v -1956.153 5169.367 12.800
v -1954.451 5397.802 0.000
v -1977.389 5375.867 0.000
v -1966.751 5364.405 0.000
v -1961.203 5368.459 0.000
v -1956.251 5363.956 0.000
v -1951.736 5367.677 0.000
v -1937.061 5353.140 0.000
v -1930.469 5357.692 0.000
v -1926.205 5353.374 0.000
v -1914.389 5363.534 0.000
v -1924.610 5374.770 0.000
v -1930.871 5369.350 0.000
v -1935.825 5373.687 0.000
v -1926.076 5384.035 0.000
v -1938.518 5397.010 0.000
v -1937.858 5421.839 0.000
v -1924.704 5433.881 0.000
v -1934.597 5443.917 0.000
v -1929.204 5449.524 0.000
v -1924.772 5445.015 0.000
v -1914.156 5455.199 0.000
v -1923.356 5465.572 0.000
v -1929.787 5460.153 0.000
v -1935.243 5465.171 0.000
v -1950.376 5451.100 0.000
v -1954.808 5455.609 0.000
v -1960.542 5450.859 0.000
v -1964.973 5455.534 0.000
v -1975.757 5445.529 0.000
v -1953.394 5422.317 0.000
v -1954.451 5397.802 12.800
v -1977.389 5375.867 12.800
v -1966.751 5364.405 12.800
v -1961.203 5368.459 12.800
v -1956.251 5363.956 12.800
v -1951.736 5367.677 12.800
v -1937.061 5353.140 12.800
v -1930.469 5357.692 12.800
v -1926.205 5353.374 12.800
v -1914.389 5363.534 12.800
v -1924.610 5374.770 12.800
v -1930.871 5369.350 12.800
v -1935.825 5373.687 12.800
v -1926.076 5384.035 12.800
v -1938.518 5397.010 12.800
v -1937.858 5421.839 12.800
v -1924.704 5433.881 12.800
v -1934.597 5443.917 12.800
v -1929.204 5449.524 12.800
v -1924.772 5445.015 12.800
v -1914.156 5455.199 12.800
v -1923.356 5465.572 12.800
v -1929.787 5460.153 12.800
v -1935.243 5465.171 12.800
v -1950.376 5451.100 12.800
v -1954.808 5455.609 12.800
v -1960.542 5450.859 12.800
v -1964.973 5455.534 12.800
v -1975.757 5445.529 12.800
v -1953.394 5422.317 12.800
v -1497.370 5275.981 0.000
v -1466.255 5275.259 0.000
v -1444.805 5275.454 0.000
v -1443.021 5327.733 0.000
v -1462.196 5345.073 0.000
v -1476.066 5345.213 0.000
v -1475.714 5338.518 0.000
v -1496.735 5339.139 0.000
v -1496.269 5343.743 0.000
v -1520.247 5343.563 0.000
v -1531.310 5330.702 0.000
v -1531.033 5316.487 0.000
v -1499.919 5315.753 0.000
v -1499.654 5300.275 0.000
v -1532.028 5301.010 0.000
v -1532.591 5286.792 0.000
v -1521.784 5274.144 0.000
v -1497.380 5272.957 0.000
v -1497.370 5275.981 12.800
v -1466.255 5275.259 12.800
v -1444.805 5275.454 12.800
v -1443.021 5327.733 12.800
v -1462.196 5345.073 12.800
v -1476.066 5345.213 12.800
v -1475.714 5338.518 12.800
v -1496.735 5339.139 12.800
v -1496.269 5343.743 12.800
v -1520.247 5343.563 12.800
v -1531.310 5330.702 12.800
v -1531.033 5316.487 12.800
v -1499.919 5315.753 12.800
v -1499.654 5300.275 12.800
v -1532.028 5301.010 12.800
v -1532.591 5286.792 12.800
v -1521.784 5274.144 12.800
v -1497.380 5272.957 12.800
v -1678.155 5686.538 0.000
v -1678.944 5674.659 0.000
v -1680.238 5636.410 0.000
v -1600.898 5635.192 0.000
v -1594.094 5766.282 0.000
v -1686.292 5769.834 0.000
v -1685.248 5721.636 0.000
v -1685.961 5698.458 0.000
v -1685.844 5690.193 0.000
v -1678.155 5686.538 12.800
v -1678.944 5674.659 12.800
v -1680.238 5636.410 12.800
v -1600.898 5635.192 12.800
v -1594.094 5766.282 12.800
v -1686.292 5769.834 12.800
v -1685.248 5721.636 12.800
v -1685.961 5698.458 12.800
v -1685.844 5690.193 12.800
v -1561.277 5195.059 0.000
v -1551.742 5181.161 0.000
v -1494.112 5181.413 0.000
v -1480.115 5193.823 0.000
v -1479.128 5250.287 0.000
v -1494.268 5250.439 0.000
v -1494.331 5244.169 0.000
v -1527.121 5245.330 0.000
v -1526.638 5251.595 0.000
v -1552.291 5251.852 0.000
v -1561.251 5239.403 0.000
v -1561.818 5224.764 0.000
v -1529.845 5224.864 0.000
v -1530.438 5208.552 0.000
v -1561.142 5208.440 0.000
v -1561.277 5195.059 12.800
v -1551.742 5181.161 12.800
v -1494.112 5181.413 12.800
v -1480.115 5193.823 12.800
v -1479.128 5250.287 12.800
v -1494.268 5250.439 12.800
v -1494.331 5244.169 12.800
v -1527.121 5245.330 12.800
v -1526.638 5251.595 12.800
v -1552.291 5251.852 12.800
v -1561.251 5239.403 12.800
v -1561.818 5224.764 12.800
v -1529.845 5224.864 12.800
v -1530.438 5208.552 12.800
v -1561.142 5208.440 12.800
v -1230.541 5228.230 0.000
v -1221.253 5215.553 0.000
v -1196.236 5213.696 0.000
v -1195.643 5219.052 0.000
v -1163.892 5217.925 0.000
v -1164.207 5213.375 0.000
v -1149.413 5212.696 0.000
v -1149.111 5215.905 0.000
v -1134.308 5216.023 0.000
v -1131.853 5272.493 0.000
v -1145.042 5272.891 0.000
v -1148.243 5275.593 0.000
v -1145.774 5279.589 0.000
v -1151.650 5284.733 0.000
v -1154.637 5281.816 0.000
v -1219.220 5283.804 0.000
v -1230.114 5270.797 0.000
v -1230.541 5228.230 9.600
v -1221.253 5215.553 9.600
v -1196.236 5213.696 9.600
v -1195.643 5219.052 9.600
v -1163.892 5217.925 9.600
v -1164.207 5213.375 9.600
v -1149.413 5212.696 9.600
v -1149.111 5215.905 9.600
v -1134.308 5216.023 9.600
v -1131.853 5272.493 9.600
v -1145.042 5272.891 9.600
v -1148.243 5275.593 9.600
v -1145.774 5279.589 9.600
v -1151.650 5284.733 9.600
v -1154.637 5281.816 9.600
v -1219.220 5283.804 9.600
v -1230.114 5270.797 9.600
v -2364.520 5946.792 0.000
v -2347.178 5937.201 0.000
v -2339.732 5949.111 0.000
v -2357.717 5959.363 0.000
v -2364.520 5946.792 3.200
v -2347.178 5937.201 3.200
v -2339.732 5949.111 3.200
v -2357.717 5959.363 3.200
v -1855.196 5534.009 0.000
v -1853.794 5521.400 0.000
v -1860.645 5508.929 0.000
v -1866.739 5498.311 0.000
v -1856.457 5486.211 0.000
v -1851.356 5462.719 0.000
v -1831.681 5461.380 0.000
v -1828.907 5476.828 0.000
v -1820.310 5497.921 0.000
v -1829.230 5518.239 0.000
v -1827.291 5534.105 0.000
v -1855.196 5534.009 12.800
v -1853.794 5521.400 12.800
v -1860.645 5508.929 12.800
v -1866.739 5498.311 12.800
v -1856.457 5486.211 12.800
v -1851.356 5462.719 12.800
v -1831.681 5461.380 12.800
v -1828.907 5476.828 12.800
v -1820.310 5497.921 12.800
v -1829.230 5518.239 12.800
v -1827.291 5534.105 12.800
v -1244.398 5713.310 0.000
v -1249.768 5694.089 0.000
v -1255.815 5674.011 0.000
v -1260.092 5645.163 0.000
v -1263.477 5636.524 0.000
v -1264.995 5626.613 0.000
v -1265.429 5623.206 0.000
v -1257.807 5621.922 0.000
v -1236.131 5625.748 0.000
v -1234.068 5632.219 0.000
v -1240.123 5638.283 0.000
v -1236.717 5665.068 0.000
v -1226.722 5664.115 0.000
v -1213.396 5706.464 0.000
v -1244.398 5713.310 6.400
v -1249.768 5694.089 6.400
v -1255.815 5674.011 6.400
v -1260.092 5645.163 6.400
v -1263.477 5636.524 6.400
v -1264.995 5626.613 6.400
v -1265.429 5623.206 6.400
v -1257.807 5621.922 6.400
v -1236.131 5625.748 6.400
v -1234.068 5632.219 6.400
v -1240.123 5638.283 6.400
v -1236.717 5665.068 6.400
v -1226.722 5664.115 6.400
v -1213.396 5706.464 6.400
v 9374.986 -1783.340 0.000
v 9374.497 -1790.890 0.000
v 9373.824 -1798.837 0.000
v 9383.132 -1800.108 0.000
v 9394.229 -1801.439 0.000
v 9395.287 -1793.994 0.000
v 9396.347 -1785.231 0.000
v 9383.008 -1784.211 0.000
v 9374.986 -1783.340 9.600
v 9374.497 -1790.890 9.600
v 9373.824 -1798.837 9.600
v 9383.132 -1800.108 9.600
v 9394.229 -1801.439 9.600
v 9395.287 -1793.994 9.600
v 9396.347 -1785.231 9.600
v 9383.008 -1784.211 9.600
v -1006.539 1904.701 0.000
v -1000.698 1845.965 0.000
v -982.696 1848.721 0.000
v -988.834 1905.765 0.000
v -1006.539 1904.701 12.800
v -1000.698 1845.965 12.800
v -982.696 1848.721 12.800
v -988.834 1905.765 12.800
v -1567.323 5161.234 0.000
v -1569.479 5054.080 0.000
v -1403.801 5055.076 0.000
v -1401.084 5165.436 0.000
v -1567.323 5161.234 12.800
v -1569.479 5054.080 12.800
v -1403.801 5055.076 12.800
v -1401.084 5165.436 12.800
v -5708.905 -3094.319 0.000
v -5707.713 -3107.614 0.000
v -5683.848 -3105.501 0.000
v -5685.041 -3092.206 0.000
v -5708.905 -3094.319 3.200
v -5707.713 -3107.614 3.200
v -5683.848 -3105.501 3.200
v -5685.041 -3092.206 3.200
v -3827.666 81.187 0.000
v -3861.996 23.801 0.000
v -3847.025 14.277 0.000
v -3825.677 47.724 0.000
v -3817.220 62.315 0.000
v -3812.350 72.202 0.000
v -3827.666 81.187 44.800
v -3861.996 23.801 44.800
v -3847.025 14.277 44.800
v -3825.677 47.724 44.800
v -3817.220 62.315 44.800
v -3812.350 72.202 44.800
v -3857.341 -125.616 0.000
v -3836.222 -160.659 0.000
v -3818.377 -151.093 0.000
v -3841.840 -116.480 0.000
v -3857.341 -125.616 32.000
v -3836.222 -160.659 32.000
v -3818.377 -151.093 32.000
v -3841.840 -116.480 32.000
v 8623.877 -385.672 0.000
v 8623.828 -422.303 0.000
v 8639.605 -422.327 0.000
v 8639.664 -385.696 0.000
v 8623.877 -385.672 19.200
v 8623.828 -422.303 19.200
v 8639.605 -422.327 19.200
v 8639.664 -385.696 19.200
v 8624.202 -440.274 0.000
v 8622.907 -491.648 0.000
v 8638.791 -492.039 0.000
v 8640.066 -440.664 0.000
v 8624.202 -440.274 25.600
v 8622.907 -491.648 25.600
v 8638.791 -492.039 25.600
v 8640.066 -440.664 25.600
v 8647.212 -405.250 0.000
v 8645.989 -497.544 0.000
v 8658.585 -497.705 0.000
v 8659.788 -405.411 0.000
v 8647.212 -405.250 25.600
v 8645.989 -497.544 25.600
v 8658.585 -497.705 25.600
v 8659.788 -405.411 25.600
v 8664.122 -413.537 0.000
v 8664.587 -488.721 0.000
v 8677.196 -488.649 0.000
v 8676.750 -413.465 0.000
v 8664.122 -413.537 12.800
v 8664.587 -488.721 12.800
v 8677.196 -488.649 12.800
v 8676.750 -413.465 12.800
v 8680.947 -463.506 0.000
v 8680.594 -500.644 0.000
v 8693.201 -500.760 0.000
v 8693.544 -463.622 0.000
v 8680.947 -463.506 25.600
v 8680.594 -500.644 25.600
v 8693.201 -500.760 25.600
v 8693.544 -463.622 25.600
v 8941.493 -541.466 0.000
v 8939.406 -565.041 0.000
v 8955.760 -566.477 0.000
v 8953.045 -602.884 0.000
v 8966.541 -605.168 0.000
v 8971.953 -544.139 0.000
v 8941.493 -541.466 22.400
v 8939.406 -565.041 22.400
v 8955.760 -566.477 22.400
v 8953.045 -602.884 22.400
v 8966.541 -605.168 22.400
v 8971.953 -544.139 22.400
v 7670.380 285.350 0.000
v 7673.206 279.686 0.000
v 7663.835 275.054 0.000
v 7682.061 238.607 0.000
v 7691.704 243.380 0.000
v 7694.629 237.537 0.000
v 7745.421 262.641 0.000
v 7740.317 272.858 0.000
v 7761.701 283.436 0.000
v 7756.499 293.853 0.000
v 7772.128 301.583 0.000
v 7766.464 312.913 0.000
v 7750.484 305.008 0.000
v 7744.929 316.104 0.000
v 7728.216 307.830 0.000
v 7725.742 312.760 0.000
v 7670.380 285.350 8.000
v 7673.206 279.686 8.000
v 7663.835 275.054 8.000
v 7682.061 238.607 8.000
v 7691.704 243.380 8.000
v 7694.629 237.537 8.000
v 7745.421 262.641 8.000
v 7740.317 272.858 8.000
v 7761.701 283.436 8.000
v 7756.499 293.853 8.000
v 7772.128 301.583 8.000
v 7766.464 312.913 8.000
v 7750.484 305.008 8.000
v 7744.929 316.104 8.000
v 7728.216 307.830 8.000
v 7725.742 312.760 8.000
v 7627.320 228.561 0.000
v 7637.549 207.264 0.000
v 7667.264 221.376 0.000
v 7657.045 242.673 0.000
v 7627.320 228.561 48.000
v 7637.549 207.264 48.000
v 7667.264 221.376 48.000
v 7657.045 242.673 48.000
v 755.342 -3577.926 0.000
v 754.190 -3588.316 0.000
v 776.538 -3590.763 0.000
v 777.680 -3580.372 0.000
v 755.342 -3577.926 25.600
v 754.190 -3588.316 25.600
v 776.538 -3590.763 25.600
v 777.680 -3580.372 25.600
v -11384.016 -5603.599 0.000
v -11391.116 -5637.775 0.000
v -11397.498 -5658.245 0.000
v -11366.435 -5664.406 0.000
v -11353.154 -5610.821 0.000
v -11384.016 -5603.599 9.600
v -11391.116 -5637.775 9.600
v -11397.498 -5658.245 9.600
v -11366.435 -5664.406 9.600
v -11353.154 -5610.821 9.600
v 8285.203 -1167.435 0.000
v 8285.793 -1173.920 0.000
v 8288.725 -1173.659 0.000
v 8289.287 -1179.901 0.000
v 8332.538 -1176.048 0.000
v 8331.386 -1163.310 0.000
v 8285.203 -1167.435 12.800
v 8285.793 -1173.920 12.800
v 8288.725 -1173.659 12.800
v 8289.287 -1179.901 12.800
v 8332.538 -1176.048 12.800
v 8331.386 -1163.310 12.800
v 8253.087 -1217.028 0.000
v 8252.956 -1229.012 0.000
v 8308.934 -1229.653 0.000
v 8309.075 -1217.657 0.000
v 8253.087 -1217.028 16.000
v 8252.956 -1229.012 16.000
v 8308.934 -1229.653 16.000
v 8309.075 -1217.657 16.000
v 3092.835 5240.337 0.000
v 3094.285 5223.928 0.000
v 3120.714 5226.475 0.000
v 3121.487 5237.135 0.000
v 3117.064 5237.576 0.000
v 3116.712 5242.509 0.000
v 3111.884 5242.423 0.000
v 3111.509 5244.963 0.000
v 3108.305 5246.457 0.000
v 3105.085 5246.222 0.000
v 3102.395 5245.052 0.000
v 3101.972 5242.652 0.000
v 3102.082 5240.513 0.000
v 3092.835 5240.337 3.200
v 3094.285 5223.928 3.200
v 3120.714 5226.475 3.200
v 3121.487 5237.135 3.200
v 3117.064 5237.576 3.200
v 3116.712 5242.509 3.200
v 3111.884 5242.423 3.200
v 3111.509 5244.963 3.200
v 3108.305 5246.457 3.200
v 3105.085 5246.222 3.200
v 3102.395 5245.052 3.200
v 3101.972 5242.652 3.200
v 3102.082 5240.513 3.200
v 3304.485 5250.063 0.000
v 3287.409 5247.448 0.000
v 3291.322 5222.154 0.000
v 3308.507 5224.779 0.000
v 3307.802 5229.350 0.000
v 3319.152 5231.079 0.000
v 3317.638 5240.864 0.000
v 3306.168 5239.113 0.000
v 3304.485 5250.063 32.000
v 3287.409 5247.448 32.000
v 3291.322 5222.154 32.000
v 3308.507 5224.779 32.000
v 3307.802 5229.350 32.000
v 3319.152 5231.079 32.000
v 3317.638 5240.864 32.000
v 3306.168 5239.113 32.000
v 3348.212 4873.111 0.000
v 3351.986 4859.228 0.000
v 3389.723 4869.364 0.000
v 3385.949 4883.247 0.000
v 3348.212 4873.111 25.600
v 3351.986 4859.228 25.600
v 3389.723 4869.364 25.600
v 3385.949 4883.247 25.600
v 3052.954 5048.011 0.000
v 3015.017 5030.599 0.000
v 3019.902 5020.073 0.000
v 3057.839 5037.484 0.000
v 3052.954 5048.011 19.200
v 3015.017 5030.599 19.200
v 3019.902 5020.073 19.200
v 3057.839 5037.484 19.200
v 3021.211 5004.541 0.000
v 3025.099 4996.383 0.000
v 3052.144 5005.637 0.000
v 3047.800 5015.305 0.000
v 3021.211 5004.541 19.200
v 3025.099 4996.383 19.200
v 3052.144 5005.637 19.200
v 3047.800 5015.305 19.200
v 4096.864 5624.280 0.000
v 4084.430 5619.958 0.000
v 4091.766 5601.300 0.000
v 4103.998 5605.425 0.000
v 4096.864 5624.280 25.600
v 4084.430 5619.958 25.600
v 4091.766 5601.300 25.600
v 4103.998 5605.425 25.600
v 695.187 -4219.331 0.000
v 693.179 -4248.611 0.000
v 716.717 -4250.205 0.000
v 718.715 -4220.925 0.000
v 695.187 -4219.331 19.200
v 693.179 -4248.611 19.200
v 716.717 -4250.205 19.200
v 718.715 -4220.925 19.200
v 574.526 -4543.761 0.000
v 569.855 -4562.037 0.000
v 583.863 -4565.587 0.000
v 588.544 -4547.311 0.000
v 574.526 -4543.761 19.200
v 569.855 -4562.037 19.200
v 583.863 -4565.587 19.200
v 588.544 -4547.311 19.200
v 862.718 -3434.877 0.000
v 860.111 -3464.073 0.000
v 900.150 -3467.623 0.000
v 902.757 -3438.416 0.000
v 862.718 -3434.877 38.400
v 860.111 -3464.073 38.400
v 900.150 -3467.623 38.400
v 902.757 -3438.416 38.400
v 952.500 -3443.601 0.000
v 911.084 -3440.857 0.000
v 909.384 -3466.263 0.000
v 950.811 -3468.996 0.000
v 952.500 -3443.601 38.400
v 911.084 -3440.857 38.400
v 909.384 -3466.263 38.400
v 950.811 -3468.996 38.400
v 1010.317 -3210.072 0.000
v 1010.071 -3235.149 0.000
v 1058.613 -3238.417 0.000
v 1060.720 -3214.278 0.000
v 1010.317 -3210.072 32.000
v 1010.071 -3235.149 32.000
v 1058.613 -3238.417 32.000
v 1060.720 -3214.278 32.000
v 1068.593 -3215.020 0.000
v 1066.540 -3243.889 0.000
v 1118.108 -3247.530 0.000
v 1120.171 -3218.660 0.000
v 1068.593 -3215.020 32.000
v 1066.540 -3243.889 32.000
v 1118.108 -3247.530 32.000
v 1120.171 -3218.660 32.000
v 1063.364 -3263.852 0.000
v 1060.327 -3287.905 0.000
v 1108.112 -3293.879 0.000
v 1111.149 -3269.827 0.000
v 1063.364 -3263.852 25.600
v 1060.327 -3287.905 25.600
v 1108.112 -3293.879 25.600
v 1111.149 -3269.827 25.600
v 1134.478 -3272.138 0.000
v 1132.111 -3297.227 0.000
v 1192.661 -3302.861 0.000
v 1195.027 -3277.783 0.000
v 1134.478 -3272.138 25.600
v 1132.111 -3297.227 25.600
v 1192.661 -3302.861 25.600
v 1195.027 -3277.783 25.600
v 1134.195 -3220.404 0.000
v 1129.423 -3242.999 0.000
v 1144.593 -3243.148 0.000
v 1152.071 -3254.542 0.000
v 1162.662 -3257.659 0.000
v 1173.318 -3253.986 0.000
v 1183.894 -3258.621 0.000
v 1184.071 -3240.511 0.000
v 1193.188 -3239.847 0.000
v 1191.802 -3226.253 0.000
v 1134.195 -3220.404 32.000
v 1129.423 -3242.999 32.000
v 1144.593 -3243.148 32.000
v 1152.071 -3254.542 32.000
v 1162.662 -3257.659 32.000
v 1173.318 -3253.986 32.000
v 1183.894 -3258.621 32.000
v 1184.071 -3240.511 32.000
v 1193.188 -3239.847 32.000
v 1191.802 -3226.253 32.000
v 7932.075 402.038 0.000
v 7951.091 383.827 0.000
v 7952.706 385.496 0.000
v 7958.810 379.646 0.000
v 7965.099 386.145 0.000
v 7960.135 390.899 0.000
v 7962.012 392.842 0.000
v 7968.780 386.366 0.000
v 7985.194 403.316 0.000
v 7975.770 412.343 0.000
v 7978.698 415.373 0.000
v 8013.539 415.393 0.000
v 8013.535 424.598 0.000
v 8017.434 424.606 0.000
v 8017.422 433.002 0.000
v 7986.759 432.977 0.000
v 7986.719 468.402 0.000
v 7963.974 468.381 0.000
v 7963.995 449.129 0.000
v 7965.425 449.126 0.000
v 7965.426 444.939 0.000
v 7963.936 444.931 0.000
v 7963.959 431.251 0.000
v 7960.517 427.694 0.000
v 7958.644 429.483 0.000
v 7932.075 402.038 28.800
v 7951.091 383.827 28.800
v 7952.706 385.496 28.800
v 7958.810 379.646 28.800
v 7965.099 386.145 28.800
v 7960.135 390.899 28.800
v 7962.012 392.842 28.800
v 7968.780 386.366 28.800
v 7985.194 403.316 28.800
v 7975.770 412.343 28.800
v 7978.698 415.373 28.800
v 8013.539 415.393 28.800
v 8013.535 424.598 28.800
v 8017.434 424.606 28.800
v 8017.422 433.002 28.800
v 7986.759 432.977 28.800
v 7986.719 468.402 28.800
v 7963.974 468.381 28.800
v 7963.995 449.129 28.800
v 7965.425 449.126 28.800
v 7965.426 444.939 28.800
v 7963.936 444.931 28.800
v 7963.959 431.251 28.800
v 7960.517 427.694 28.800
v 7958.644 429.483 28.800
v 10851.803 -30.650 0.000
v 10847.702 -34.179 0.000
v 10847.936 -43.597 0.000
v 10854.006 -48.980 0.000
v 10852.341 -53.971 0.000
v 10856.298 -57.519 0.000
v 10849.687 -64.349 0.000
v 10855.656 -69.886 0.000
v 10862.516 -63.058 0.000
v 10868.231 -68.981 0.000
v 10886.459 -66.598 0.000
v 10888.670 -63.174 0.000
v 10886.909 -31.278 0.000
v 10883.351 -27.934 0.000
v 10851.803 -30.650 6.400
v 10847.702 -34.179 6.400
v 10847.936 -43.597 6.400
v 10854.006 -48.980 6.400
v 10852.341 -53.971 6.400
v 10856.298 -57.519 6.400
v 10849.687 -64.349 6.400
v 10855.656 -69.886 6.400
v 10862.516 -63.058 6.400
v 10868.231 -68.981 6.400
v 10886.459 -66.598 6.400
v 10888.670 -63.174 6.400
v 10886.909 -31.278 6.400
v 10883.351 -27.934 6.400
v 10442.705 -2101.699 0.000
v 10435.768 -2098.169 0.000
v 10435.910 -2096.841 0.000
v 10432.438 -2094.938 0.000
v 10431.351 -2096.800 0.000
v 10428.811 -2095.713 0.000
v 10429.634 -2094.248 0.000
v 10426.293 -2092.223 0.000
v 10417.748 -2088.402 0.000
v 10416.938 -2089.469 0.000
v 10408.527 -2085.249 0.000
v 10396.121 -2106.881 0.000
v 10409.211 -2113.402 0.000
v 10407.974 -2116.326 0.000
v 10415.057 -2119.326 0.000
v 10419.982 -2108.837 0.000
v 10425.588 -2111.413 0.000
v 10421.759 -2118.988 0.000
v 10424.571 -2119.944 0.000
v 10422.528 -2123.526 0.000
v 10427.738 -2125.711 0.000
v 10431.690 -2118.879 0.000
v 10432.827 -2119.222 0.000
v 10434.594 -2116.170 0.000
v 10433.560 -2114.399 0.000
v 10435.485 -2111.736 0.000
v 10430.315 -2109.529 0.000
v 10431.570 -2106.727 0.000
v 10438.840 -2110.016 0.000
v 10442.705 -2101.699 48.000
v 10435.768 -2098.169 48.000
v 10435.910 -2096.841 48.000
v 10432.438 -2094.938 48.000
v 10431.351 -2096.800 48.000
v 10428.811 -2095.713 48.000
v 10429.634 -2094.248 48.000
v 10426.293 -2092.223 48.000
v 10417.748 -2088.402 48.000
v 10416.938 -2089.469 48.000
v 10408.527 -2085.249 48.000
v 10396.121 -2106.881 48.000
v 10409.211 -2113.402 48.000
v 10407.974 -2116.326 48.000
v 10415.057 -2119.326 48.000
v 10419.982 -2108.837 48.000
v 10425.588 -2111.413 48.000
v 10421.759 -2118.988 48.000
v 10424.571 -2119.944 48.000
v 10422.528 -2123.526 48.000
v 10427.738 -2125.711 48.000
v 10431.690 -2118.879 48.000
v 10432.827 -2119.222 48.000
v 10434.594 -2116.170 48.000
v 10433.560 -2114.399 48.000
v 10435.485 -2111.736 48.000
v 10430.315 -2109.529 48.000
v 10431.570 -2106.727 48.000
v 10438.840 -2110.016 48.000
v 10384.402 -2104.603 0.000
v 10391.446 -2092.128 0.000
v 10389.522 -2091.435 0.000
v 10391.361 -2089.302 0.000
v 10385.474 -2086.878 0.000
v 10387.664 -2083.509 0.000
v 10395.581 -2087.081 0.000
v 10399.964 -2079.101 0.000
v 10392.732 -2075.989 0.000
v 10393.417 -2075.431 0.000
v 10388.331 -2072.903 0.000
v 10386.142 -2076.040 0.000
v 10384.221 -2075.125 0.000
v 10386.753 -2071.526 0.000
v 10381.776 -2069.111 0.000
v 10380.973 -2070.466 0.000
v 10374.754 -2067.130 0.000
v 10370.596 -2074.658 0.000
v 10376.814 -2078.104 0.000
v 10375.196 -2081.136 0.000
v 10371.353 -2079.295 0.000
v 10369.388 -2083.232 0.000
v 10368.358 -2083.222 0.000
v 10366.627 -2086.596 0.000
v 10367.980 -2087.395 0.000
v 10363.720 -2094.024 0.000
v 10371.297 -2097.594 0.000
v 10376.498 -2087.583 0.000
v 10382.265 -2090.006 0.000
v 10380.300 -2093.943 0.000
v 10380.977 -2094.182 0.000
v 10377.397 -2100.806 0.000
v 10384.402 -2104.603 48.000
v 10391.446 -2092.128 48.000
v 10389.522 -2091.435 48.000
v 10391.361 -2089.302 48.000
v 10385.474 -2086.878 48.000
v 10387.664 -2083.509 48.000
v 10395.581 -2087.081 48.000
v 10399.964 -2079.101 48.000
v 10392.732 -2075.989 48.000
v 10393.417 -2075.431 48.000
v 10388.331 -2072.903 48.000
v 10386.142 -2076.040 48.000
v 10384.221 -2075.125 48.000
v 10386.753 -2071.526 48.000
v 10381.776 -2069.111 48.000
v 10380.973 -2070.466 48.000
v 10374.754 -2067.130 48.000
v 10370.596 -2074.658 48.000
v 10376.814 -2078.104 48.000
v 10375.196 -2081.136 48.000
v 10371.353 -2079.295 48.000
v 10369.388 -2083.232 48.000
v 10368.358 -2083.222 48.000
v 10366.627 -2086.596 48.000
v 10367.980 -2087.395 48.000
v 10363.720 -2094.024 48.000
v 10371.297 -2097.594 48.000
v 10376.498 -2087.583 48.000
v 10382.265 -2090.006 48.000
v 10380.300 -2093.943 48.000
v 10380.977 -2094.182 48.000
v 10377.397 -2100.806 48.000
v 6709.784 2533.445 0.000
v 6712.184 2546.227 0.000
v 6716.587 2544.591 0.000
v 6717.929 2552.343 0.000
v 6719.411 2551.587 0.000
v 6720.190 2556.819 0.000
v 6710.827 2559.311 0.000
v 6710.281 2557.577 0.000
v 6699.045 2560.751 0.000
v 6699.878 2564.210 0.000
v 6694.660 2565.323 0.000
v 6689.440 2566.170 0.000
v 6688.655 2562.400 0.000
v 6686.099 2562.723 0.000
v 6685.137 2559.265 0.000
v 6687.632 2558.787 0.000
v 6685.823 2551.404 0.000
v 6676.186 2553.500 0.000
v 6673.680 2543.122 0.000
v 6676.770 2542.251 0.000
v 6676.561 2540.160 0.000
v 6679.057 2539.826 0.000
v 6679.418 2542.127 0.000
v 6684.472 2540.661 0.000
v 6684.182 2539.556 0.000
v 6686.733 2538.679 0.000
v 6687.053 2539.784 0.000
v 6691.886 2538.210 0.000
v 6696.108 2538.547 0.000
v 6696.568 2536.438 0.000
v 6709.784 2533.445 51.200
v 6712.184 2546.227 51.200
v 6716.587 2544.591 51.200
v 6717.929 2552.343 51.200
v 6719.411 2551.587 51.200
v 6720.190 2556.819 51.200
v 6710.827 2559.311 51.200
v 6710.281 2557.577 51.200
v 6699.045 2560.751 51.200
v 6699.878 2564.210 51.200
v 6694.660 2565.323 51.200
v 6689.440 2566.170 51.200
v 6688.655 2562.400 51.200
v 6686.099 2562.723 51.200
v 6685.137 2559.265 51.200
v 6687.632 2558.787 51.200
v 6685.823 2551.404 51.200
v 6676.186 2553.500 51.200
v 6673.680 2543.122 51.200
v 6676.770 2542.251 51.200
v 6676.561 2540.160 51.200
v 6679.057 2539.826 51.200
v 6679.418 2542.127 51.200
v 6684.472 2540.661 51.200
v 6684.182 2539.556 51.200
v 6686.733 2538.679 51.200
v 6687.053 2539.784 51.200
v 6691.886 2538.210 51.200
v 6696.108 2538.547 51.200
v 6696.568 2536.438 51.200
v 6670.471 2543.108 0.000
v 6671.862 2547.581 0.000
v 6674.587 2551.399 0.000
v 6674.616 2554.445 0.000
v 6666.038 2555.346 0.000
v 6666.086 2557.284 0.000
v 6667.999 2559.791 0.000
v 6669.307 2568.187 0.000
v 6670.828 2571.518 0.000
v 6665.159 2572.490 0.000
v 6664.272 2570.649 0.000
v 6662.069 2571.212 0.000
v 6662.302 2572.650 0.000
v 6658.831 2573.480 0.000
v 6656.868 2564.559 0.000
v 6653.926 2565.263 0.000
v 6655.189 2570.978 0.000
v 6650.899 2571.816 0.000
v 6650.909 2572.890 0.000
v 6646.632 2574.127 0.000
v 6646.622 2573.063 0.000
v 6636.736 2576.225 0.000
v 6632.613 2565.053 0.000
v 6637.157 2563.548 0.000
v 6633.414 2551.454 0.000
v 6639.041 2550.327 0.000
v 6642.660 2550.293 0.000
v 6644.249 2548.151 0.000
v 6649.991 2546.491 0.000
v 6650.550 2548.491 0.000
v 6655.636 2547.246 0.000
v 6654.816 2546.180 0.000
v 6670.471 2543.108 51.200
v 6671.862 2547.581 51.200
v 6674.587 2551.399 51.200
v 6674.616 2554.445 51.200
v 6666.038 2555.346 51.200
v 6666.086 2557.284 51.200
v 6667.999 2559.791 51.200
v 6669.307 2568.187 51.200
v 6670.828 2571.518 51.200
v 6665.159 2572.490 51.200
v 6664.272 2570.649 51.200
v 6662.069 2571.212 51.200
v 6662.302 2572.650 51.200
v 6658.831 2573.480 51.200
v 6656.868 2564.559 51.200
v 6653.926 2565.263 51.200
v 6655.189 2570.978 51.200
v 6650.899 2571.816 51.200
v 6650.909 2572.890 51.200
v 6646.632 2574.127 51.200
v 6646.622 2573.063 51.200
v 6636.736 2576.225 51.200
v 6632.613 2565.053 51.200
v 6637.157 2563.548 51.200
v 6633.414 2551.454 51.200
v 6639.041 2550.327 51.200
v 6642.660 2550.293 51.200
v 6644.249 2548.151 51.200
v 6649.991 2546.491 51.200
v 6650.550 2548.491 51.200
v 6655.636 2547.246 51.200
v 6654.816 2546.180 51.200
v 6839.124 2366.383 0.000
v 6820.610 2365.227 0.000
v 6820.840 2360.960 0.000
v 6809.565 2359.992 0.000
v 6809.598 2363.459 0.000
v 6792.161 2362.027 0.000
v 6792.723 2365.489 0.000
v 6793.393 2379.351 0.000
v 6774.360 2379.264 0.000
v 6774.322 2375.255 0.000
v 6762.780 2374.566 0.000
v 6762.550 2378.833 0.000
v 6743.772 2377.148 0.000
v 6745.178 2355.534 0.000
v 6795.579 2355.593 0.000
v 6795.169 2339.601 0.000
v 6840.535 2345.301 0.000
v 6839.124 2366.383 41.600
v 6820.610 2365.227 41.600
v 6820.840 2360.960 41.600
v 6809.565 2359.992 41.600
v 6809.598 2363.459 41.600
v 6792.161 2362.027 41.600
v 6792.723 2365.489 41.600
v 6793.393 2379.351 41.600
v 6774.360 2379.264 41.600
v 6774.322 2375.255 41.600
v 6762.780 2374.566 41.600
v 6762.550 2378.833 41.600
v 6743.772 2377.148 41.600
v 6745.178 2355.534 41.600
v 6795.579 2355.593 41.600
v 6795.169 2339.601 41.600
v 6840.535 2345.301 41.600
v 6840.022 2290.640 0.000
v 6838.730 2312.762 0.000
v 6830.876 2311.972 0.000
v 6831.370 2309.176 0.000
v 6813.639 2307.326 0.000
v 6813.716 2310.216 0.000
v 6804.689 2309.061 0.000
v 6806.086 2329.031 0.000
v 6796.322 2328.292 0.000
v 6795.332 2326.074 0.000
v 6790.566 2326.252 0.000
v 6789.749 2323.358 0.000
v 6780.925 2322.632 0.000
v 6779.754 2325.611 0.000
v 6776.805 2325.639 0.000
v 6776.825 2327.766 0.000
v 6769.586 2327.568 0.000
v 6769.764 2346.497 0.000
v 6764.396 2346.547 0.000
v 6758.229 2346.605 0.000
v 6757.679 2344.484 0.000
v 6752.852 2344.529 0.000
v 6752.554 2341.596 0.000
v 6743.169 2341.685 0.000
v 6743.191 2344.088 0.000
v 6739.973 2344.118 0.000
v 6739.993 2346.245 0.000
v 6729.798 2345.277 0.000
v 6728.520 2323.157 0.000
v 6769.014 2324.106 0.000
v 6766.954 2304.929 0.000
v 6804.229 2305.908 0.000
v 6803.789 2286.715 0.000
v 6840.022 2290.640 41.600
v 6838.730 2312.762 41.600
v 6830.876 2311.972 41.600
v 6831.370 2309.176 41.600
v 6813.639 2307.326 41.600
v 6813.716 2310.216 41.600
v 6804.689 2309.061 41.600
v 6806.086 2329.031 41.600
v 6796.322 2328.292 41.600
v 6795.332 2326.074 41.600
v 6790.566 2326.252 41.600
v 6789.749 2323.358 41.600
v 6780.925 2322.632 41.600
v 6779.754 2325.611 41.600
v 6776.805 2325.639 41.600
v 6776.825 2327.766 41.600
v 6769.586 2327.568 41.600
v 6769.764 2346.497 41.600
v 6764.396 2346.547 41.600
v 6758.229 2346.605 41.600
v 6757.679 2344.484 41.600
v 6752.852 2344.529 41.600
v 6752.554 2341.596 41.600
v 6743.169 2341.685 41.600
v 6743.191 2344.088 41.600
v 6739.973 2344.118 41.600
v 6739.993 2346.245 41.600
v 6729.798 2345.277 41.600
v 6728.520 2323.157 41.600
v 6769.014 2324.106 41.600
v 6766.954 2304.929 41.600
v 6804.229 2305.908 41.600
v 6803.789 2286.715 41.600
v -8448.625 -269.766 0.000
v -8477.682 -268.816 0.000
v -8478.518 -294.032 0.000
v -8449.461 -294.992 0.000
v -8448.625 -269.766 19.200
v -8477.682 -268.816 19.200
v -8478.518 -294.032 19.200
v -8449.461 -294.992 19.200
v -8400.893 -313.661 0.000
v -8405.850 -313.420 0.000
v -8406.323 -323.153 0.000
v -8349.548 -325.867 0.000
v -8349.024 -315.116 0.000
v -8365.394 -314.335 0.000
v -8381.055 -313.582 0.000
v -8380.503 -302.045 0.000
v -8383.931 -301.876 0.000
v -8383.777 -298.676 0.000
v -8378.270 -298.934 0.000
v -8377.964 -292.634 0.000
v -8378.883 -292.591 0.000
v -8378.563 -285.859 0.000
v -8386.348 -285.489 0.000
v -8386.411 -286.751 0.000
v -8391.528 -286.508 0.000
v -8391.425 -284.305 0.000
v -8399.390 -283.922 0.000
v -8399.658 -289.469 0.000
v -8399.728 -289.457 0.000
v -8400.893 -313.661 19.200
v -8405.850 -313.420 19.200
v -8406.323 -323.153 19.200
v -8349.548 -325.867 19.200
v -8349.024 -315.116 19.200
v -8365.394 -314.335 19.200
v -8381.055 -313.582 19.200
v -8380.503 -302.045 19.200
v -8383.931 -301.876 19.200
v -8383.777 -298.676 19.200
v -8378.270 -298.934 19.200
v -8377.964 -292.634 19.200
v -8378.883 -292.591 19.200
v -8378.563 -285.859 19.200
v -8386.348 -285.489 19.200
v -8386.411 -286.751 19.200
v -8391.528 -286.508 19.200
v -8391.425 -284.305 19.200
v -8399.390 -283.922 19.200
v -8399.658 -289.469 19.200
v -8399.728 -289.457 19.200
v -8372.547 -286.210 0.000
v -8373.364 -303.040 0.000
v -8369.587 -303.224 0.000
v -8369.969 -311.052 0.000
v -8365.252 -311.279 0.000
v -8365.394 -314.335 0.000
v -8349.024 -315.116 0.000
v -8347.692 -287.392 0.000
v -8372.547 -286.210 19.200
v -8373.364 -303.040 19.200
v -8369.587 -303.224 19.200
v -8369.969 -311.052 19.200
v -8365.252 -311.279 19.200
v -8365.394 -314.335 19.200
v -8349.024 -315.116 19.200
v -8347.692 -287.392 19.200
v -8332.553 -231.409 0.000
v -8332.941 -252.076 0.000
v -8333.576 -285.680 0.000
v -8334.635 -342.531 0.000
v -8324.208 -342.718 0.000
v -8322.126 -231.597 0.000
v -8332.553 -231.409 25.600
v -8332.941 -252.076 25.600
v -8333.576 -285.680 25.600
v -8334.635 -342.531 25.600
v -8324.208 -342.718 25.600
v -8322.126 -231.597 25.600
v -8116.566 -363.195 0.000
v -8116.944 -350.707 0.000
v -8125.006 -350.954 0.000
v -8125.364 -339.374 0.000
v -8118.292 -339.161 0.000
v -8118.777 -323.480 0.000
v -8146.603 -324.317 0.000
v -8145.964 -345.339 0.000
v -8136.642 -345.060 0.000
v -8136.531 -348.728 0.000
v -8131.660 -348.580 0.000
v -8131.520 -353.301 0.000
v -8142.032 -353.622 0.000
v -8141.711 -363.961 0.000
v -8116.566 -363.195 12.800
v -8116.944 -350.707 12.800
v -8125.006 -350.954 12.800
v -8125.364 -339.374 12.800
v -8118.292 -339.161 12.800
v -8118.777 -323.480 12.800
v -8146.603 -324.317 12.800
v -8145.964 -345.339 12.800
v -8136.642 -345.060 12.800
v -8136.531 -348.728 12.800
v -8131.660 -348.580 12.800
v -8131.520 -353.301 12.800
v -8142.032 -353.622 12.800
v -8141.711 -363.961 12.800
v -8098.660 -307.430 0.000
v -8098.498 -320.481 0.000
v -8075.847 -320.210 0.000
v -8076.010 -307.159 0.000
v -8098.660 -307.430 19.200
v -8098.498 -320.481 19.200
v -8075.847 -320.210 19.200
v -8076.010 -307.159 19.200
v -9232.961 -1175.261 0.000
v -9272.030 -1165.884 0.000
v -9276.119 -1182.734 0.000
v -9303.767 -1176.093 0.000
v -9314.653 -1220.976 0.000
v -9339.559 -1214.995 0.000
v -9342.728 -1228.089 0.000
v -9246.765 -1251.119 0.000
v -9243.952 -1239.484 0.000
v -9279.381 -1230.977 0.000
v -9277.080 -1221.518 0.000
v -9259.605 -1225.714 0.000
v -9256.646 -1213.527 0.000
v -9276.056 -1208.867 0.000
v -9272.260 -1193.199 0.000
v -9239.235 -1201.127 0.000
v -9232.961 -1175.261 19.200
v -9272.030 -1165.884 19.200
v -9276.119 -1182.734 19.200
v -9303.767 -1176.093 19.200
v -9314.653 -1220.976 19.200
v -9339.559 -1214.995 19.200
v -9342.728 -1228.089 19.200
v -9246.765 -1251.119 19.200
v -9243.952 -1239.484 19.200
v -9279.381 -1230.977 19.200
v -9277.080 -1221.518 19.200
v -9259.605 -1225.714 19.200
v -9256.646 -1213.527 19.200
v -9276.056 -1208.867 19.200
v -9272.260 -1193.199 19.200
v -9239.235 -1201.127 19.200
v -9346.682 -1126.784 0.000
v -9371.834 -1120.480 0.000
v -9377.709 -1146.428 0.000
v -9353.492 -1152.257 0.000
v -9346.682 -1126.784 32.000
v -9371.834 -1120.480 32.000
v -9377.709 -1146.428 32.000
v -9353.492 -1152.257 32.000
v -9406.645 -1110.362 0.000
v -9419.516 -1107.710 0.000
v -9418.378 -1102.217 0.000
v -9450.028 -1095.721 0.000
v -9453.475 -1112.390 0.000
v -9461.587 -1110.730 0.000
v -9458.529 -1095.919 0.000
v -9484.502 -1090.613 0.000
v -9484.903 -1092.570 0.000
v -9498.852 -1089.763 0.000
v -9502.809 -1109.240 0.000
v -9487.572 -1112.293 0.000
v -9489.451 -1121.556 0.000
v -9464.545 -1126.551 0.000
v -9462.033 -1114.127 0.000
v -9456.215 -1115.285 0.000
v -9458.791 -1128.042 0.000
v -9412.293 -1137.509 0.000
v -9406.645 -1110.362 32.000
v -9419.516 -1107.710 32.000
v -9418.378 -1102.217 32.000
v -9450.028 -1095.721 32.000
v -9453.475 -1112.390 32.000
v -9461.587 -1110.730 32.000
v -9458.529 -1095.919 32.000
v -9484.502 -1090.613 32.000
v -9484.903 -1092.570 32.000
v -9498.852 -1089.763 32.000
v -9502.809 -1109.240 32.000
v -9487.572 -1112.293 32.000
v -9489.451 -1121.556 32.000
v -9464.545 -1126.551 32.000
v -9462.033 -1114.127 32.000
v -9456.215 -1115.285 32.000
v -9458.791 -1128.042 32.000
v -9412.293 -1137.509 32.000
v -10815.506 -4668.021 0.000
v -10823.217 -4751.920 0.000
v -10794.838 -4754.506 0.000
v -10787.117 -4670.608 0.000
v -10815.506 -4668.021 25.600
v -10823.217 -4751.920 25.600
v -10794.838 -4754.506 25.600
v -10787.117 -4670.608 25.600
v -10806.825 -4761.489 0.000
v -10807.009 -4778.669 0.000
v -10789.527 -4778.856 0.000
v -10789.343 -4761.677 0.000
v -10806.825 -4761.489 19.200
v -10807.009 -4778.669 19.200
v -10789.527 -4778.856 19.200
v -10789.343 -4761.677 19.200
v -3351.406 747.671 0.000
v -3302.865 754.743 0.000
v -3304.695 767.457 0.000
v -3353.317 760.330 0.000
v -3351.406 747.671 32.000
v -3302.865 754.743 32.000
v -3304.695 767.457 32.000
v -3353.317 760.330 32.000
v 1788.571 -3612.980 0.000
v 1782.755 -3640.196 0.000
v 1848.571 -3652.491 0.000
v 1853.776 -3624.339 0.000
v 1788.571 -3612.980 9.600
v 1782.755 -3640.196 9.600
v 1848.571 -3652.491 9.600
v 1853.776 -3624.339 9.600
v 1787.911 -3648.831 0.000
v 1784.592 -3673.313 0.000
v 1850.412 -3685.297 0.000
v 1854.387 -3657.145 0.000
v 1787.911 -3648.831 12.800
v 1784.592 -3673.313 12.800
v 1850.412 -3685.297 12.800
v 1854.387 -3657.145 12.800
v 1845.267 -3707.313 0.000
v 1792.347 -3731.311 0.000
v 1805.267 -3764.237 0.000
v 1875.808 -3735.193 0.000
v 1867.667 -3716.726 0.000
v 1851.277 -3722.692 0.000
v 1845.267 -3707.313 19.200
v 1792.347 -3731.311 19.200
v 1805.267 -3764.237 19.200
v 1875.808 -3735.193 19.200
v 1867.667 -3716.726 19.200
v 1851.277 -3722.692 19.200
v 1875.727 -3743.467 0.000
v 1798.994 -3775.818 0.000
v 1806.191 -3796.736 0.000
v 1883.257 -3761.010 0.000
v 1875.727 -3743.467 19.200
v 1798.994 -3775.818 19.200
v 1806.191 -3796.736 19.200
v 1883.257 -3761.010 19.200
v 1694.040 -3137.751 0.000
v 1678.502 -3134.431 0.000
v 1672.509 -3167.461 0.000
v 1689.471 -3170.440 0.000
v 1694.040 -3137.751 32.000
v 1678.502 -3134.431 32.000
v 1672.509 -3167.461 32.000
v 1689.471 -3170.440 32.000
v 2638.768 4416.412 0.000
v 2611.687 4380.918 0.000
v 2657.061 4346.680 0.000
v 2684.132 4382.175 0.000
v 2638.768 4416.412 3.200
v 2611.687 4380.918 3.200
v 2657.061 4346.680 3.200
v 2684.132 4382.175 3.200
v 2102.479 3762.035 0.000
v 2097.361 3757.942 0.000
v 2112.399 3736.969 0.000
v 2116.318 3728.811 0.000
v 2121.162 3720.190 0.000
v 2123.768 3718.946 0.000
v 2128.562 3720.583 0.000
v 2129.821 3723.628 0.000
v 2121.928 3735.193 0.000
v 2119.354 3739.815 0.000
v 2112.060 3750.299 0.000
v 2102.479 3762.035 32.000
v 2097.361 3757.942 32.000
v 2112.399 3736.969 32.000
v 2116.318 3728.811 32.000
v 2121.162 3720.190 32.000
v 2123.768 3718.946 32.000
v 2128.562 3720.583 32.000
v 2129.821 3723.628 32.000
v 2121.928 3735.193 32.000
v 2119.354 3739.815 32.000
v 2112.060 3750.299 32.000
v 3424.427 4918.367 0.000
v 3430.541 4899.510 0.000
v 3446.339 4891.925 0.000
v 3463.420 4896.168 0.000
v 3474.075 4912.781 0.000
v 3468.883 4930.932 0.000
v 3453.328 4938.747 0.000
v 3434.383 4934.056 0.000
v 3424.427 4918.367 16.000
v 3430.541 4899.510 16.000
v 3446.339 4891.925 16.000
v 3463.420 4896.168 16.000
v 3474.075 4912.781 16.000
v 3468.883 4930.932 16.000
v 3453.328 4938.747 16.000
v 3434.383 4934.056 16.000
v 5322.282 6324.118 0.000
v 5285.606 6298.856 0.000
v 5297.387 6281.929 0.000
v 5313.240 6292.855 0.000
v 5310.529 6296.758 0.000
v 5319.773 6303.117 0.000
v 5322.268 6299.538 0.000
v 5333.846 6307.514 0.000
v 5322.282 6324.118 16.000
v 5285.606 6298.856 16.000
v 5297.387 6281.929 16.000
v 5313.240 6292.855 16.000
v 5310.529 6296.758 16.000
v 5319.773 6303.117 16.000
v 5322.268 6299.538 16.000
v 5333.846 6307.514 16.000
v 5000.424 6291.938 0.000
v 4994.451 6289.137 0.000
v 4996.744 6284.297 0.000
v 4995.824 6281.137 0.000
v 4987.294 6276.300 0.000
v 4987.255 6272.247 0.000
v 4994.495 6259.184 0.000
v 5000.925 6262.711 0.000
v 4998.803 6266.542 0.000
v 5001.887 6268.241 0.000
v 5003.118 6267.354 0.000
v 5014.631 6272.739 0.000
v 5013.328 6275.509 0.000
v 5019.632 6278.451 0.000
v 5016.703 6284.649 0.000
v 5011.052 6282.011 0.000
v 5008.946 6286.462 0.000
v 5004.088 6284.193 0.000
v 5000.424 6291.938 8.000
v 4994.451 6289.137 8.000
v 4996.744 6284.297 8.000
v 4995.824 6281.137 8.000
v 4987.294 6276.300 8.000
v 4987.255 6272.247 8.000
v 4994.495 6259.184 8.000
v 5000.925 6262.711 8.000
v 4998.803 6266.542 8.000
v 5001.887 6268.241 8.000
v 5003.118 6267.354 8.000
v 5014.631 6272.739 8.000
v 5013.328 6275.509 8.000
v 5019.632 6278.451 8.000
v 5016.703 6284.649 8.000
v 5011.052 6282.011 8.000
v 5008.946 6286.462 8.000
v 5004.088 6284.193 8.000
v 8853.532 -414.145 0.000
v 8810.611 -459.530 0.000
v 8822.923 -471.053 0.000
v 8865.864 -425.690 0.000
v 8853.532 -414.145 16.000
v 8810.611 -459.530 16.000
v 8822.923 -471.053 16.000
v 8865.864 -425.690 16.000
v 8745.425 -388.877 0.000
v 8744.069 -405.746 0.000
v 8807.442 -410.784 0.000
v 8808.797 -393.937 0.000
v 8745.425 -388.877 32.000
v 8744.069 -405.746 32.000
v 8807.442 -410.784 32.000
v 8808.797 -393.937 32.000
v 9084.077 -535.048 0.000
v 9079.144 -533.341 0.000
v 9078.086 -536.388 0.000
v 9073.781 -534.897 0.000
v 9072.990 -537.183 0.000
v 9069.840 -536.102 0.000
v 9068.782 -539.138 0.000
v 9064.297 -537.602 0.000
v 9064.239 -539.573 0.000
v 9060.352 -538.285 0.000
v 9059.540 -540.693 0.000
v 9054.566 -539.041 0.000
v 9053.959 -540.841 0.000
v 9050.072 -539.542 0.000
v 9049.229 -542.060 0.000
v 9045.192 -540.704 0.000
v 9044.555 -542.593 0.000
v 9041.026 -541.408 0.000
v 9040.112 -544.091 0.000
v 9035.397 -542.497 0.000
v 9034.555 -544.971 0.000
v 9031.415 -543.912 0.000
v 9030.202 -547.467 0.000
v 9026.624 -546.260 0.000
v 9021.405 -561.465 0.000
v 9024.345 -562.467 0.000
v 9022.404 -568.098 0.000
v 9019.224 -567.017 0.000
v 9014.704 -580.101 0.000
v 9017.435 -581.035 0.000
v 9018.195 -578.849 0.000
v 9023.707 -580.749 0.000
v 9024.292 -579.071 0.000
v 9028.149 -580.414 0.000
v 9029.022 -577.907 0.000
v 9032.471 -579.102 0.000
v 9033.354 -576.585 0.000
v 9037.081 -577.882 0.000
v 9038.046 -575.143 0.000
v 9042.242 -576.600 0.000
v 9043.053 -574.292 0.000
v 9046.641 -575.544 0.000
v 9047.750 -572.408 0.000
v 9051.666 -573.773 0.000
v 9052.508 -571.400 0.000
v 9055.787 -572.538 0.000
v 9056.691 -569.954 0.000
v 9060.717 -571.353 0.000
v 9061.621 -568.792 0.000
v 9064.800 -569.896 0.000
v 9065.970 -566.561 0.000
v 9070.675 -568.200 0.000
v 9072.543 -562.867 0.000
v 9071.507 -562.503 0.000
v 9072.482 -559.720 0.000
v 9073.957 -560.232 0.000
v 9076.330 -553.431 0.000
v 9074.845 -552.918 0.000
v 9075.830 -550.103 0.000
v 9078.521 -551.036 0.000
v 9084.077 -535.048 16.000
v 9079.144 -533.341 16.000
v 9078.086 -536.388 16.000
v 9073.781 -534.897 16.000
v 9072.990 -537.183 16.000
v 9069.840 -536.102 16.000
v 9068.782 -539.138 16.000
v 9064.297 -537.602 16.000
v 9064.239 -539.573 16.000
v 9060.352 -538.285 16.000
v 9059.540 -540.693 16.000
v 9054.566 -539.041 16.000
v 9053.959 -540.841 16.000
v 9050.072 -539.542 16.000
v 9049.229 -542.060 16.000
v 9045.192 -540.704 16.000
v 9044.555 -542.593 16.000
v 9041.026 -541.408 16.000
v 9040.112 -544.091 16.000
v 9035.397 -542.497 16.000
v 9034.555 -544.971 16.000
v 9031.415 -543.912 16.000
v 9030.202 -547.467 16.000
v 9026.624 -546.260 16.000
v 9021.405 -561.465 16.000
v 9024.345 -562.467 16.000
v 9022.404 -568.098 16.000
v 9019.224 -567.017 16.000
v 9014.704 -580.101 16.000
v 9017.435 -581.035 16.000
v 9018.195 -578.849 16.000
v 9023.707 -580.749 16.000
v 9024.292 -579.071 16.000
v 9028.149 -580.414 16.000
v 9029.022 -577.907 16.000
v 9032.471 -579.102 16.000
v 9033.354 -576.585 16.000
v 9037.081 -577.882 16.000
v 9038.046 -575.143 16.000
v 9042.242 -576.600 16.000
v 9043.053 -574.292 16.000
v 9046.641 -575.544 16.000
v 9047.750 -572.408 16.000
v 9051.666 -573.773 16.000
v 9052.508 -571.400 16.000
v 9055.787 -572.538 16.000
v 9056.691 -569.954 16.000
v 9060.717 -571.353 16.000
v 9061.621 -568.792 16.000
v 9064.800 -569.896 16.000
v 9065.970 -566.561 16.000
v 9070.675 -568.200 16.000
v 9072.543 -562.867 16.000
v 9071.507 -562.503 16.000
v 9072.482 -559.720 16.000
v 9073.957 -560.232 16.000
v 9076.330 -553.431 16.000
v 9074.845 -552.918 16.000
v 9075.830 -550.103 16.000
v 9078.521 -551.036 16.000
v 9023.762 -537.871 0.000
v 9017.455 -535.420 0.000
v 9016.421 -538.047 0.000
v 9012.646 -536.572 0.000
v 9011.827 -538.647 0.000
v 9004.614 -535.811 0.000
v 9003.601 -538.372 0.000
v 9001.180 -537.419 0.000
v 9000.505 -539.097 0.000
v 8996.500 -537.498 0.000
v 8995.241 -540.621 0.000
v 8991.058 -538.943 0.000
v 8990.065 -541.393 0.000
v 8982.524 -538.355 0.000
v 8976.868 -552.204 0.000
v 8981.470 -554.063 0.000
v 8982.595 -551.305 0.000
v 8989.618 -554.139 0.000
v 8988.891 -555.926 0.000
v 8989.569 -556.187 0.000
v 8990.756 -553.219 0.000
v 8994.283 -554.613 0.000
v 8994.958 -552.936 0.000
v 8998.524 -554.342 0.000
v 8999.425 -552.069 0.000
v 9004.347 -553.997 0.000
v 9005.073 -552.176 0.000
v 9009.198 -553.787 0.000
v 9008.512 -555.553 0.000
v 9012.158 -556.971 0.000
v 9013.305 -554.058 0.000
v 9016.861 -555.442 0.000
v 9023.762 -537.871 16.000
v 9017.455 -535.420 16.000
v 9016.421 -538.047 16.000
v 9012.646 -536.572 16.000
v 9011.827 -538.647 16.000
v 9004.614 -535.811 16.000
v 9003.601 -538.372 16.000
v 9001.180 -537.419 16.000
v 9000.505 -539.097 16.000
v 8996.500 -537.498 16.000
v 8995.241 -540.621 16.000
v 8991.058 -538.943 16.000
v 8990.065 -541.393 16.000
v 8982.524 -538.355 16.000
v 8976.868 -552.204 16.000
v 8981.470 -554.063 16.000
v 8982.595 -551.305 16.000
v 8989.618 -554.139 16.000
v 8988.891 -555.926 16.000
v 8989.569 -556.187 16.000
v 8990.756 -553.219 16.000
v 8994.283 -554.613 16.000
v 8994.958 -552.936 16.000
v 8998.524 -554.342 16.000
v 8999.425 -552.069 16.000
v 9004.347 -553.997 16.000
v 9005.073 -552.176 16.000
v 9009.198 -553.787 16.000
v 9008.512 -555.553 16.000
v 9012.158 -556.971 16.000
v 9013.305 -554.058 16.000
v 9016.861 -555.442 16.000
v 9004.754 -564.081 0.000
v 8985.495 -563.162 0.000
v 8985.235 -568.609 0.000
v 8983.656 -568.539 0.000
v 8982.790 -586.542 0.000
v 8996.252 -587.176 0.000
v 8996.424 -583.721 0.000
v 9001.801 -583.981 0.000
v 9001.923 -581.557 0.000
v 9003.902 -581.652 0.000
v 9004.754 -564.081 12.800
v 8985.495 -563.162 12.800
v 8985.235 -568.609 12.800
v 8983.656 -568.539 12.800
v 8982.790 -586.542 12.800
v 8996.252 -587.176 12.800
v 8996.424 -583.721 12.800
v 9001.801 -583.981 12.800
v 9001.923 -581.557 12.800
v 9003.902 -581.652 12.800
v 8986.717 -612.897 0.000
v 8990.784 -628.343 0.000
v 9004.324 -624.812 0.000
v 9003.832 -622.925 0.000
v 9007.600 -621.951 0.000
v 9006.701 -618.554 0.000
v 9020.071 -615.077 0.000
v 9016.777 -602.552 0.000
v 9007.186 -605.044 0.000
v 9006.355 -601.913 0.000
v 8996.272 -604.545 0.000
v 8997.721 -610.030 0.000
v 8986.717 -612.897 12.800
v 8990.784 -628.343 12.800
v 9004.324 -624.812 12.800
v 9003.832 -622.925 12.800
v 9007.600 -621.951 12.800
v 9006.701 -618.554 12.800
v 9020.071 -615.077 12.800
v 9016.777 -602.552 12.800
v 9007.186 -605.044 12.800
v 9006.355 -601.913 12.800
v 8996.272 -604.545 12.800
v 8997.721 -610.030 12.800
v 9000.332 -632.773 0.000
v 9004.862 -647.891 0.000
v 9093.449 -621.623 0.000
v 9090.568 -612.015 0.000
v 9084.798 -607.742 0.000
v 9000.332 -632.773 19.200
v 9004.862 -647.891 19.200
v 9093.449 -621.623 19.200
v 9090.568 -612.015 19.200
v 9084.798 -607.742 19.200
v 9061.834 -674.834 0.000
v 9051.164 -687.020 0.000
v 9075.704 -708.270 0.000
v 9080.767 -702.479 0.000
v 9072.018 -694.900 0.000
v 9077.616 -688.504 0.000
v 9061.834 -674.834 12.800
v 9051.164 -687.020 12.800
v 9075.704 -708.270 12.800
v 9080.767 -702.479 12.800
v 9072.018 -694.900 12.800
v 9077.616 -688.504 12.800
v 9120.871 -681.725 0.000
v 9120.816 -687.750 0.000
v 9124.355 -687.782 0.000
v 9124.339 -689.488 0.000
v 9127.858 -689.509 0.000
v 9127.845 -691.027 0.000
v 9124.305 -690.994 0.000
v 9124.289 -692.800 0.000
v 9121.829 -692.777 0.000
v 9121.774 -698.802 0.000
v 9138.980 -698.950 0.000
v 9139.041 -692.337 0.000
v 9136.631 -692.315 0.000
v 9136.676 -687.420 0.000
v 9138.906 -687.440 0.000
v 9138.947 -681.869 0.000
v 9120.871 -681.725 9.600
v 9120.816 -687.750 9.600
v 9124.355 -687.782 9.600
v 9124.339 -689.488 9.600
v 9127.858 -689.509 9.600
v 9127.845 -691.027 9.600
v 9124.305 -690.994 9.600
v 9124.289 -692.800 9.600
v 9121.829 -692.777 9.600
v 9121.774 -698.802 9.600
v 9138.980 -698.950 9.600
v 9139.041 -692.337 9.600
v 9136.631 -692.315 9.600
v 9136.676 -687.420 9.600
v 9138.906 -687.440 9.600
v 9138.947 -681.869 9.600
v 9139.396 -659.154 0.000
v 9121.090 -659.030 0.000
v 9121.041 -665.454 0.000
v 9124.490 -665.475 0.000
v 9124.479 -666.693 0.000
v 9128.048 -666.715 0.000
v 9128.043 -668.421 0.000
v 9124.233 -668.397 0.000
v 9124.227 -670.224 0.000
v 9121.537 -670.199 0.000
v 9121.487 -676.757 0.000
v 9139.783 -676.892 0.000
v 9139.830 -670.711 0.000
v 9137.730 -670.692 0.000
v 9137.760 -665.209 0.000
v 9139.360 -665.224 0.000
v 9139.396 -659.154 9.600
v 9121.090 -659.030 9.600
v 9121.041 -665.454 9.600
v 9124.490 -665.475 9.600
v 9124.479 -666.693 9.600
v 9128.048 -666.715 9.600
v 9128.043 -668.421 9.600
v 9124.233 -668.397 9.600
v 9124.227 -670.224 9.600
v 9121.537 -670.199 9.600
v 9121.487 -676.757 9.600
v 9139.783 -676.892 9.600
v 9139.830 -670.711 9.600
v 9137.730 -670.692 9.600
v 9137.760 -665.209 9.600
v 9139.360 -665.224 9.600
v 10012.835 -1614.794 0.000
v 9996.378 -1627.759 0.000
v 9996.057 -1631.179 0.000
v 9990.304 -1633.696 0.000
v 9963.890 -1637.731 0.000
v 9963.773 -1650.557 0.000
v 9958.904 -1650.512 0.000
v 9958.807 -1661.057 0.000
v 9964.536 -1661.109 0.000
v 9964.220 -1665.105 0.000
v 9974.533 -1665.764 0.000
v 9976.417 -1647.826 0.000
v 10003.396 -1643.220 0.000
v 10001.755 -1634.654 0.000
v 10019.076 -1622.262 0.000
v 10012.835 -1614.794 19.200
v 9996.378 -1627.759 19.200
v 9996.057 -1631.179 19.200
v 9990.304 -1633.696 19.200
v 9963.890 -1637.731 19.200
v 9963.773 -1650.557 19.200
v 9958.904 -1650.512 19.200
v 9958.807 -1661.057 19.200
v 9964.536 -1661.109 19.200
v 9964.220 -1665.105 19.200
v 9974.533 -1665.764 19.200
v 9976.417 -1647.826 19.200
v 10003.396 -1643.220 19.200
v 10001.755 -1634.654 19.200
v 10019.076 -1622.262 19.200
v 11970.438 3172.977 0.000
v 11957.793 3168.449 0.000
v 11941.279 3148.172 0.000
v 11940.734 3139.825 0.000
v 11928.567 3136.212 0.000
v 11917.367 3136.778 0.000
v 11904.718 3131.786 0.000
v 11873.811 3120.455 0.000
v 11844.273 3105.867 0.000
v 11828.305 3095.333 0.000
v 11823.932 3075.877 0.000
v 11829.949 3070.251 0.000
v 11844.005 3076.161 0.000
v 11879.627 3092.555 0.000
v 11927.893 3113.477 0.000
v 11959.282 3126.188 0.000
v 11980.398 3139.003 0.000
v 11984.773 3157.528 0.000
v 11970.438 3172.977 32.000
v 11957.793 3168.449 32.000
v 11941.279 3148.172 32.000
v 11940.734 3139.825 32.000
v 11928.567 3136.212 32.000
v 11917.367 3136.778 32.000
v 11904.718 3131.786 32.000
v 11873.811 3120.455 32.000
v 11844.273 3105.867 32.000
v 11828.305 3095.333 32.000
v 11823.932 3075.877 32.000
v 11829.949 3070.251 32.000
v 11844.005 3076.161 32.000
v 11879.627 3092.555 32.000
v 11927.893 3113.477 32.000
v 11959.282 3126.188 32.000
v 11980.398 3139.003 32.000
v 11984.773 3157.528 32.000
v -5312.811 1247.267 0.000
v -5304.438 1227.395 0.000
v -5290.090 1233.373 0.000
v -5298.473 1253.244 0.000
v -5312.811 1247.267 9.600
v -5304.438 1227.395 9.600
v -5290.090 1233.373 9.600
v -5298.473 1253.244 9.600
v -5316.963 1253.745 0.000
v -5306.856 1257.574 0.000
v -5313.310 1274.434 0.000
v -5323.428 1270.595 0.000
v -5316.963 1253.745 9.600
v -5306.856 1257.574 9.600
v -5313.310 1274.434 9.600
v -5323.428 1270.595 9.600
v -5373.875 1279.324 0.000
v -5368.549 1265.477 0.000
v -5355.150 1270.579 0.000
v -5360.466 1284.414 0.000
v -5373.875 1279.324 3.200
v -5368.549 1265.477 3.200
v -5355.150 1270.579 3.200
v -5360.466 1284.414 3.200
v -5249.492 1294.214 0.000
v -5241.161 1274.111 0.000
v -5232.888 1277.504 0.000
v -5235.483 1283.767 0.000
v -5216.719 1291.450 0.000
v -5213.675 1284.096 0.000
v -5195.563 1291.520 0.000
v -5198.577 1298.818 0.000
v -5180.204 1306.338 0.000
v -5178.097 1301.265 0.000
v -5170.607 1304.334 0.000
v -5178.469 1323.314 0.000
v -5249.492 1294.214 6.400
v -5241.161 1274.111 6.400
v -5232.888 1277.504 6.400
v -5235.483 1283.767 6.400
v -5216.719 1291.450 6.400
v -5213.675 1284.096 6.400
v -5195.563 1291.520 6.400
v -5198.577 1298.818 6.400
v -5180.204 1306.338 6.400
v -5178.097 1301.265 6.400
v -5170.607 1304.334 6.400
v -5178.469 1323.314 6.400
v -1329.932 5426.817 0.000
v -1356.384 5177.948 0.000
v -1285.125 5168.948 0.000
v -1273.050 5282.781 0.000
v -1262.642 5282.156 0.000
v -1259.161 5317.337 0.000
v -1268.015 5317.425 0.000
v -1261.235 5422.505 0.000
v -1329.932 5426.817 12.800
v -1356.384 5177.948 12.800
v -1285.125 5168.948 12.800
v -1273.050 5282.781 12.800
v -1262.642 5282.156 12.800
v -1259.161 5317.337 12.800
v -1268.015 5317.425 12.800
v -1261.235 5422.505 12.800
v 8032.049 -858.818 0.000
v 7994.197 -875.758 0.000
v 8002.652 -894.457 0.000
v 8040.514 -877.506 0.000
v 8032.049 -858.818 12.800
v 7994.197 -875.758 12.800
v 8002.652 -894.457 12.800
v 8040.514 -877.506 12.800
v 14964.319 6551.789 0.000
v 14929.365 6500.621 0.000
v 14951.605 6484.198 0.000
v 14957.257 6490.640 0.000
v 14961.901 6489.203 0.000
v 14965.205 6493.350 0.000
v 14981.424 6482.076 0.000
v 15009.737 6521.250 0.000
v 14964.319 6551.789 15.000
v 14929.365 6500.621 15.000
v 14951.605 6484.198 15.000
v 14957.257 6490.640 15.000
v 14961.901 6489.203 15.000
v 14965.205 6493.350 15.000
v 14981.424 6482.076 15.000
v 15009.737 6521.250 15.000
v 14994.868 6579.335 0.000
v 14987.323 6570.129 0.000
v 15043.322 6522.340 0.000
v 15051.335 6532.471 0.000
v 14994.868 6579.335 12.000
v 14987.323 6570.129 12.000
v 15043.322 6522.340 12.000
v 15051.335 6532.471 12.000
v 15051.335 6532.471 0.000
v 15043.322 6522.340 0.000
v 15034.378 6513.147 0.000
v 15069.095 6485.017 0.000
v 15128.410 6549.884 0.000
v 15092.266 6574.770 0.000
v 15076.728 6557.759 0.000
v 15051.335 6532.471 17.000
v 15043.322 6522.340 17.000
v 15034.378 6513.147 17.000
v 15069.095 6485.017 17.000
v 15128.410 6549.884 17.000
v 15092.266 6574.770 17.000
v 15076.728 6557.759 17.000
v 15012.403 6482.291 0.000
v 15005.560 6472.283 0.000
v 15040.422 6452.659 0.000
v 15045.157 6462.697 0.000
v 15012.403 6482.291 12.000
v 15005.560 6472.283 12.000
v 15040.422 6452.659 12.000
v 15045.157 6462.697 12.000
v -4853.768 1506.296 0.000
v -4832.761 1466.666 0.000
v -4825.766 1482.900 0.000
v -4811.664 1480.495 0.000
v -4828.127 1518.727 0.000
v -4841.370 1516.138 0.000
v -4853.768 1506.296 15.000
v -4832.761 1466.666 15.000
v -4825.766 1482.900 15.000
v -4811.664 1480.495 15.000
v -4828.127 1518.727 15.000
v -4841.370 1516.138 15.000
v -4618.481 1742.833 0.000
v -4606.209 1711.236 0.000
v -4546.730 1732.227 0.000
v -4511.872 1742.781 0.000
v -4517.225 1758.865 0.000
v -4520.651 1765.037 0.000
v -4521.666 1770.376 0.000
v -4522.953 1775.462 0.000
v -4527.980 1782.449 0.000
v -4539.167 1789.221 0.000
v -4551.505 1789.082 0.000
v -4562.027 1782.798 0.000
v -4568.309 1771.652 0.000
v -4567.344 1761.517 0.000
v -4561.730 1760.119 0.000
v -4575.719 1754.934 0.000
v -4572.723 1759.434 0.000
v -4580.143 1768.040 0.000
v -4589.747 1773.212 0.000
v -4602.615 1773.079 0.000
v -4613.141 1767.316 0.000
v -4620.231 1755.391 0.000
v -4618.481 1742.833 15.000
v -4606.209 1711.236 15.000
v -4546.730 1732.227 15.000
v -4511.872 1742.781 15.000
v -4517.225 1758.865 15.000
v -4520.651 1765.037 15.000
v -4521.666 1770.376 15.000
v -4522.953 1775.462 15.000
v -4527.980 1782.449 15.000
v -4539.167 1789.221 15.000
v -4551.505 1789.082 15.000
v -4562.027 1782.798 15.000
v -4568.309 1771.652 15.000
v -4567.344 1761.517 15.000
v -4561.730 1760.119 15.000
v -4575.719 1754.934 15.000
v -4572.723 1759.434 15.000
v -4580.143 1768.040 15.000
v -4589.747 1773.212 15.000
v -4602.615 1773.079 15.000
v -4613.141 1767.316 15.000
v -4620.231 1755.391 15.000
v 9743.008 -783.605 0.000
v 9724.079 -783.786 0.000
v 9724.372 -814.084 0.000
v 9732.781 -814.006 0.000
v 9732.750 -810.871 0.000
v 9736.419 -810.838 0.000
v 9738.029 -810.831 0.000
v 9737.994 -807.042 0.000
v 9743.234 -806.990 0.000
v 9743.008 -783.605 19.200
v 9724.079 -783.786 19.200
v 9724.372 -814.084 19.200
v 9732.781 -814.006 19.200
v 9732.750 -810.871 19.200
v 9736.419 -810.838 19.200
v 9738.029 -810.831 19.200
v 9737.994 -807.042 19.200
v 9743.234 -806.990 19.200
v 4900.545 3302.376 0.000
v 4905.326 3297.534 0.000
v 4913.983 3305.981 0.000
v 4909.201 3310.834 0.000
v 4900.545 3302.376 6.400
v 4905.326 3297.534 6.400
v 4913.983 3305.981 6.400
v 4909.201 3310.834 6.400
v 8245.629 -2348.034 0.000
v 8264.832 -2418.960 0.000
v 8321.274 -2414.266 0.000
v 8315.050 -2319.622 0.000
v 8245.629 -2348.034 66.000
v 8264.832 -2418.960 66.000
v 8321.274 -2414.266 66.000
v 8315.050 -2319.622 66.000
v 8439.422 -138.089 0.000
v 8454.077 -150.155 0.000
v 8454.234 -131.115 0.000
v 8448.885 -126.712 0.000
v 8439.422 -138.089 8.000
v 8454.077 -150.155 8.000
v 8454.234 -131.115 8.000
v 8448.885 -126.712 8.000
v 6301.028 3051.894 0.000
v 6295.538 3013.408 0.000
v 6306.139 3011.902 0.000
v 6310.753 3050.739 0.000
v 6301.028 3051.894 9.600
v 6295.538 3013.408 9.600
v 6306.139 3011.902 9.600
v 6310.753 3050.739 9.600
v 8631.275 -1950.823 0.000
v 8637.201 -1969.631 0.000
v 8683.620 -1958.628 0.000
v 8680.383 -1948.651 0.000
v 8666.907 -1951.496 0.000
v 8665.791 -1947.830 0.000
v 8660.492 -1948.811 0.000
v 8659.507 -1943.995 0.000
v 8631.275 -1950.823 15.000
v 8637.201 -1969.631 15.000
v 8683.620 -1958.628 15.000
v 8680.383 -1948.651 15.000
v 8666.907 -1951.496 15.000
v 8665.791 -1947.830 15.000
v 8660.492 -1948.811 15.000
v 8659.507 -1943.995 15.000
v 8627.662 -1978.316 0.000
v 8632.791 -1995.743 0.000
v 8659.748 -1989.368 0.000
v 8657.176 -1980.882 0.000
v 8660.754 -1979.995 0.000
v 8658.417 -1971.057 0.000
v 8627.662 -1978.316 24.000
v 8632.791 -1995.743 24.000
v 8659.748 -1989.368 24.000
v 8657.176 -1980.882 24.000
v 8660.754 -1979.995 24.000
v 8658.417 -1971.057 24.000
v 8113.019 -104.502 0.000
v 8099.302 -110.922 0.000
v 8101.116 -114.760 0.000
v 8094.830 -117.704 0.000
v 8088.995 -105.376 0.000
v 8079.255 -109.938 0.000
v 8080.010 -111.529 0.000
v 8073.202 -114.722 0.000
v 8078.310 -125.526 0.000
v 8085.560 -122.137 0.000
v 8090.659 -132.918 0.000
v 8103.382 -126.966 0.000
v 8105.255 -130.927 0.000
v 8112.405 -127.581 0.000
v 8109.894 -122.274 0.000
v 8119.343 -117.854 0.000
v 8113.019 -104.502 8.000
v 8099.302 -110.922 8.000
v 8101.116 -114.760 8.000
v 8094.830 -117.704 8.000
v 8088.995 -105.376 8.000
v 8079.255 -109.938 8.000
v 8080.010 -111.529 8.000
v 8073.202 -114.722 8.000
v 8078.310 -125.526 8.000
v 8085.560 -122.137 8.000
v 8090.659 -132.918 8.000
v 8103.382 -126.966 8.000
v 8105.255 -130.927 8.000
v 8112.405 -127.581 8.000
v 8109.894 -122.274 8.000
v 8119.343 -117.854 8.000
v 7776.262 96.996 0.000
v 7782.962 83.253 0.000
v 7789.104 70.635 0.000
v 7809.039 80.230 0.000
v 7814.434 69.147 0.000
v 7839.943 81.438 0.000
v 7834.626 92.354 0.000
v 7850.062 99.798 0.000
v 7843.450 113.374 0.000
v 7836.190 128.262 0.000
v 7820.945 120.905 0.000
v 7814.372 134.392 0.000
v 7785.971 120.710 0.000
v 7793.485 105.298 0.000
v 7776.262 96.996 20.000
v 7782.962 83.253 20.000
v 7789.104 70.635 20.000
v 7809.039 80.230 20.000
v 7814.434 69.147 20.000
v 7839.943 81.438 20.000
v 7834.626 92.354 20.000
v 7850.062 99.798 20.000
v 7843.450 113.374 20.000
v 7836.190 128.262 20.000
v 7820.945 120.905 20.000
v 7814.372 134.392 20.000
v 7785.971 120.710 20.000
v 7793.485 105.298 20.000
v 7721.194 144.265 0.000
v 7726.184 133.617 0.000
v 7716.012 128.905 0.000
v 7727.276 104.851 0.000
v 7735.861 108.825 0.000
v 7742.527 94.596 0.000
v 7755.912 100.796 0.000
v 7770.481 107.539 0.000
v 7754.336 142.029 0.000
v 7747.562 156.481 0.000
v 7721.194 144.265 20.000
v 7726.184 133.617 20.000
v 7716.012 128.905 20.000
v 7727.276 104.851 20.000
v 7735.861 108.825 20.000
v 7742.527 94.596 20.000
v 7755.912 100.796 20.000
v 7770.481 107.539 20.000
v 7754.336 142.029 20.000
v 7747.562 156.481 20.000
v 7808.677 192.810 0.000
v 7818.511 173.056 0.000
v 7834.665 140.572 0.000
v 7846.034 146.160 0.000
v 7862.938 154.477 0.000
v 7855.725 168.988 0.000
v 7861.580 171.869 0.000
v 7849.518 196.107 0.000
v 7844.175 193.476 0.000
v 7837.462 206.975 0.000
v 7808.677 192.810 20.000
v 7818.511 173.056 20.000
v 7834.665 140.572 20.000
v 7846.034 146.160 20.000
v 7862.938 154.477 20.000
v 7855.725 168.988 20.000
v 7861.580 171.869 20.000
v 7849.518 196.107 20.000
v 7844.175 193.476 20.000
v 7837.462 206.975 20.000
v 7733.575 196.178 0.000
v 7746.803 171.652 0.000
v 7770.466 184.270 0.000
v 7800.589 200.351 0.000
v 7786.760 225.990 0.000
v 7770.925 217.542 0.000
v 7767.692 223.542 0.000
v 7743.839 210.815 0.000
v 7747.672 203.701 0.000
v 7733.575 196.178 20.000
v 7746.803 171.652 20.000
v 7770.466 184.270 20.000
v 7800.589 200.351 20.000
v 7786.760 225.990 20.000
v 7770.925 217.542 20.000
v 7767.692 223.542 20.000
v 7743.839 210.815 20.000
v 7747.672 203.701 20.000
v 7767.552 43.109 0.000
v 7774.433 29.398 0.000
v 7766.478 25.451 0.000
v 7778.002 2.525 0.000
v 7785.606 6.298 0.000
v 7791.299 -5.042 0.000
v 7817.173 7.810 0.000
v 7807.259 27.553 0.000
v 7793.085 55.787 0.000
v 7780.981 49.774 0.000
v 7767.552 43.109 20.000
v 7774.433 29.398 20.000
v 7766.478 25.451 20.000
v 7778.002 2.525 20.000
v 7785.606 6.298 20.000
v 7791.299 -5.042 20.000
v 7817.173 7.810 20.000
v 7807.259 27.553 20.000
v 7793.085 55.787 20.000
v 7780.981 49.774 20.000
v 7862.413 86.236 0.000
v 7874.699 59.237 0.000
v 7883.165 40.638 0.000
v 7909.248 52.370 0.000
v 7903.673 64.617 0.000
v 7909.015 67.027 0.000
v 7897.875 91.511 0.000
v 7890.927 88.385 0.000
v 7886.891 97.262 0.000
v 7873.598 91.272 0.000
v 7862.413 86.236 20.000
v 7874.699 59.237 20.000
v 7883.165 40.638 20.000
v 7909.248 52.370 20.000
v 7903.673 64.617 20.000
v 7909.015 67.027 20.000
v 7897.875 91.511 20.000
v 7890.927 88.385 20.000
v 7886.891 97.262 20.000
v 7873.598 91.272 20.000
v 7828.261 2.456 0.000
v 7840.716 -22.461 0.000
v 7854.266 -15.775 0.000
v 7857.289 -21.840 0.000
v 7882.078 -9.609 0.000
v 7878.878 -3.198 0.000
v 7894.818 4.673 0.000
v 7882.529 29.268 0.000
v 7854.335 15.340 0.000
v 7828.261 2.456 20.000
v 7840.716 -22.461 20.000
v 7854.266 -15.775 20.000
v 7857.289 -21.840 20.000
v 7882.078 -9.609 20.000
v 7878.878 -3.198 20.000
v 7894.818 4.673 20.000
v 7882.529 29.268 20.000
v 7854.335 15.340 20.000
v 7832.756 61.123 0.000
v 7823.300 35.557 0.000
v 7849.306 26.043 0.000
v 7858.752 51.610 0.000
v 7832.756 61.123 20.000
v 7823.300 35.557 20.000
v 7849.306 26.043 20.000
v 7858.752 51.610 20.000
v 7775.679 173.987 0.000
v 7767.561 148.264 0.000
v 7794.347 139.895 0.000
v 7802.465 165.618 0.000
v 7775.679 173.987 20.000
v 7767.561 148.264 20.000
v 7794.347 139.895 20.000
v 7802.465 165.618 20.000
v 8124.103 -100.529 0.000
v 8128.764 -110.087 0.000
v 8136.065 -106.566 0.000
v 8139.538 -113.688 0.000
v 8147.974 -109.623 0.000
v 8146.964 -107.542 0.000
v 8151.875 -105.184 0.000
v 8150.933 -103.248 0.000
v 8156.617 -100.509 0.000
v 8150.770 -88.481 0.000
v 8144.885 -91.306 0.000
v 8146.386 -94.389 0.000
v 8137.639 -98.594 0.000
v 8135.833 -94.878 0.000
v 8124.103 -100.529 8.000
v 8128.764 -110.087 8.000
v 8136.065 -106.566 8.000
v 8139.538 -113.688 8.000
v 8147.974 -109.623 8.000
v 8146.964 -107.542 8.000
v 8151.875 -105.184 8.000
v 8150.933 -103.248 8.000
v 8156.617 -100.509 8.000
v 8150.770 -88.481 8.000
v 8144.885 -91.306 8.000
v 8146.386 -94.389 8.000
v 8137.639 -98.594 8.000
v 8135.833 -94.878 8.000
v 8070.131 -91.222 0.000
v 8074.032 -99.599 0.000
v 8083.641 -95.158 0.000
v 8082.720 -93.177 0.000
v 8090.010 -89.822 0.000
v 8091.117 -92.214 0.000
v 8102.112 -87.143 0.000
v 8097.338 -76.919 0.000
v 8089.847 -80.372 0.000
v 8087.965 -76.333 0.000
v 8079.702 -80.145 0.000
v 8080.623 -82.125 0.000
v 8075.482 -84.492 0.000
v 8077.109 -87.997 0.000
v 8070.131 -91.222 8.000
v 8074.032 -99.599 8.000
v 8083.641 -95.158 8.000
v 8082.720 -93.177 8.000
v 8090.010 -89.822 8.000
v 8091.117 -92.214 8.000
v 8102.112 -87.143 8.000
v 8097.338 -76.919 8.000
v 8089.847 -80.372 8.000
v 8087.965 -76.333 8.000
v 8079.702 -80.145 8.000
v 8080.623 -82.125 8.000
v 8075.482 -84.492 8.000
v 8077.109 -87.997 8.000
v 8109.879 -71.153 0.000
v 8115.053 -81.415 0.000
v 8125.519 -76.184 0.000
v 8123.683 -72.555 0.000
v 8131.397 -68.695 0.000
v 8132.929 -71.733 0.000
v 8141.386 -67.502 0.000
v 8131.883 -48.727 0.000
v 8124.811 -52.262 0.000
v 8127.570 -57.737 0.000
v 8122.076 -60.478 0.000
v 8120.416 -57.183 0.000
v 8114.149 -60.315 0.000
v 8117.653 -67.271 0.000
v 8109.879 -71.153 8.000
v 8115.053 -81.415 8.000
v 8125.519 -76.184 8.000
v 8123.683 -72.555 8.000
v 8131.397 -68.695 8.000
v 8132.929 -71.733 8.000
v 8141.386 -67.502 8.000
v 8131.883 -48.727 8.000
v 8124.811 -52.262 8.000
v 8127.570 -57.737 8.000
v 8122.076 -60.478 8.000
v 8120.416 -57.183 8.000
v 8114.149 -60.315 8.000
v 8117.653 -67.271 8.000
v 8168.566 -77.757 0.000
v 8175.052 -89.880 0.000
v 8182.326 -86.026 0.000
v 8184.351 -89.789 0.000
v 8192.308 -85.576 0.000
v 8191.149 -83.405 0.000
v 8202.211 -77.549 0.000
v 8195.036 -64.156 0.000
v 8187.853 -67.967 0.000
v 8189.917 -71.807 0.000
v 8182.190 -75.912 0.000
v 8179.949 -71.737 0.000
v 8168.566 -77.757 8.000
v 8175.052 -89.880 8.000
v 8182.326 -86.026 8.000
v 8184.351 -89.789 8.000
v 8192.308 -85.576 8.000
v 8191.149 -83.405 8.000
v 8202.211 -77.549 8.000
v 8195.036 -64.156 8.000
v 8187.853 -67.967 8.000
v 8189.917 -71.807 8.000
v 8182.190 -75.912 8.000
v 8179.949 -71.737 8.000
v 8098.311 21.469 0.000
v 8089.361 16.922 0.000
v 8091.236 13.261 0.000
v 8082.728 8.942 0.000
v 8080.646 12.993 0.000
v 8069.908 7.543 0.000
v 8076.350 -5.011 0.000
v 8083.914 -1.160 0.000
v 8087.076 -7.315 0.000
v 8095.072 -3.247 0.000
v 8092.971 0.849 0.000
v 8105.608 7.279 0.000
v 8098.311 21.469 8.000
v 8089.361 16.922 8.000
v 8091.236 13.261 8.000
v 8082.728 8.942 8.000
v 8080.646 12.993 8.000
v 8069.908 7.543 8.000
v 8076.350 -5.011 8.000
v 8083.914 -1.160 8.000
v 8087.076 -7.315 8.000
v 8095.072 -3.247 8.000
v 8092.971 0.849 8.000
v 8105.608 7.279 8.000
v 8031.118 -10.506 0.000
v 8038.281 -25.106 0.000
v 8050.624 -19.117 0.000
v 8052.646 -23.234 0.000
v 8059.495 -19.908 0.000
v 8056.296 -13.399 0.000
v 8065.184 -9.084 0.000
v 8059.435 2.645 0.000
v 8049.341 -2.257 0.000
v 8051.284 -6.230 0.000
v 8042.657 -10.414 0.000
v 8040.469 -5.963 0.000
v 8031.118 -10.506 8.000
v 8038.281 -25.106 8.000
v 8050.624 -19.117 8.000
v 8052.646 -23.234 8.000
v 8059.495 -19.908 8.000
v 8056.296 -13.399 8.000
v 8065.184 -9.084 8.000
v 8059.435 2.645 8.000
v 8049.341 -2.257 8.000
v 8051.284 -6.230 8.000
v 8042.657 -10.414 8.000
v 8040.469 -5.963 8.000
v 7979.287 55.972 0.000
v 7987.541 39.413 0.000
v 7995.988 43.588 0.000
v 7993.102 49.353 0.000
v 8001.117 53.299 0.000
v 8003.267 49.004 0.000
v 8015.048 54.809 0.000
v 8008.816 67.296 0.000
v 8001.223 63.556 0.000
v 7997.355 71.290 0.000
v 7988.537 66.930 0.000
v 7991.098 61.789 0.000
v 7979.287 55.972 8.000
v 7987.541 39.413 8.000
v 7995.988 43.588 8.000
v 7993.102 49.353 8.000
v 8001.117 53.299 8.000
v 8003.267 49.004 8.000
v 8015.048 54.809 8.000
v 8008.816 67.296 8.000
v 8001.223 63.556 8.000
v 7997.355 71.290 8.000
v 7988.537 66.930 8.000
v 7991.098 61.789 8.000
v 8011.730 32.343 0.000
v 8017.809 18.362 0.000
v 8030.347 23.751 0.000
v 8031.825 20.348 0.000
v 8038.721 23.319 0.000
v 8036.078 29.402 0.000
v 8044.510 33.035 0.000
v 8039.615 44.279 0.000
v 8027.148 38.912 0.000
v 8029.047 34.552 0.000
v 8021.609 31.342 0.000
v 8019.680 35.758 0.000
v 8011.730 32.343 8.000
v 8017.809 18.362 8.000
v 8030.347 23.751 8.000
v 8031.825 20.348 8.000
v 8038.721 23.319 8.000
v 8036.078 29.402 8.000
v 8044.510 33.035 8.000
v 8039.615 44.279 8.000
v 8027.148 38.912 8.000
v 8029.047 34.552 8.000
v 8021.609 31.342 8.000
v 8019.680 35.758 8.000
v 8077.747 60.430 0.000
v 8070.610 57.306 0.000
v 8072.703 53.399 0.000
v 8065.379 49.590 0.000
v 8062.766 54.554 0.000
v 8052.053 49.702 0.000
v 8057.635 38.164 0.000
v 8062.636 40.598 0.000
v 8062.653 42.360 0.000
v 8064.076 42.701 0.000
v 8067.737 35.422 0.000
v 8075.401 38.176 0.000
v 8073.834 41.724 0.000
v 8078.651 43.629 0.000
v 8078.139 45.572 0.000
v 8083.671 48.002 0.000
v 8077.747 60.430 8.000
v 8070.610 57.306 8.000
v 8072.703 53.399 8.000
v 8065.379 49.590 8.000
v 8062.766 54.554 8.000
v 8052.053 49.702 8.000
v 8057.635 38.164 8.000
v 8062.636 40.598 8.000
v 8062.653 42.360 8.000
v 8064.076 42.701 8.000
v 8067.737 35.422 8.000
v 8075.401 38.176 8.000
v 8073.834 41.724 8.000
v 8078.651 43.629 8.000
v 8078.139 45.572 8.000
v 8083.671 48.002 8.000
v 7997.496 -88.941 0.000
v 7986.257 -94.475 0.000
v 7983.087 -88.098 0.000
v 7992.659 -83.391 0.000
v 7987.457 -72.941 0.000
v 7954.523 -89.151 0.000
v 7961.815 -103.818 0.000
v 7974.903 -97.382 0.000
v 7977.091 -101.778 0.000
v 7985.598 -97.592 0.000
v 7987.277 -100.975 0.000
v 8000.294 -94.572 0.000
v 7997.496 -88.941 8.000
v 7986.257 -94.475 8.000
v 7983.087 -88.098 8.000
v 7992.659 -83.391 8.000
v 7987.457 -72.941 8.000
v 7954.523 -89.151 8.000
v 7961.815 -103.818 8.000
v 7974.903 -97.382 8.000
v 7977.091 -101.778 8.000
v 7985.598 -97.592 8.000
v 7987.277 -100.975 8.000
v 8000.294 -94.572 8.000
v 7995.077 -69.567 0.000
v 8001.295 -82.585 0.000
v 8008.826 -79.032 0.000
v 8012.170 -86.042 0.000
v 8025.295 -79.839 0.000
v 8024.177 -77.502 0.000
v 8039.642 -70.202 0.000
v 8037.671 -66.074 0.000
v 8031.184 -69.138 0.000
v 8024.711 -55.575 0.000
v 7995.077 -69.567 8.000
v 8001.295 -82.585 8.000
v 8008.826 -79.032 8.000
v 8012.170 -86.042 8.000
v 8025.295 -79.839 8.000
v 8024.177 -77.502 8.000
v 8039.642 -70.202 8.000
v 8037.671 -66.074 8.000
v 8031.184 -69.138 8.000
v 8024.711 -55.575 8.000
v 7961.234 -41.538 0.000
v 7952.153 -46.139 0.000
v 7953.656 -49.077 0.000
v 7946.483 -52.710 0.000
v 7947.259 -54.235 0.000
v 7940.710 -57.541 0.000
v 7947.957 -71.699 0.000
v 7979.187 -55.916 0.000
v 7974.051 -45.877 0.000
v 7965.633 -50.141 0.000
v 7961.234 -41.538 8.000
v 7952.153 -46.139 8.000
v 7953.656 -49.077 8.000
v 7946.483 -52.710 8.000
v 7947.259 -54.235 8.000
v 7940.710 -57.541 8.000
v 7947.957 -71.699 8.000
v 7979.187 -55.916 8.000
v 7974.051 -45.877 8.000
v 7965.633 -50.141 8.000
v 7979.301 -40.420 0.000
v 7985.640 -53.262 0.000
v 8018.493 -37.207 0.000
v 8011.447 -22.952 0.000
v 8005.160 -26.017 0.000
v 8004.149 -23.969 0.000
v 7998.454 -26.752 0.000
v 7999.651 -29.178 0.000
v 7995.533 -31.200 0.000
v 7992.344 -24.746 0.000
v 7986.047 -27.833 0.000
v 7990.836 -37.504 0.000
v 7988.064 -38.862 0.000
v 7986.984 -36.670 0.000
v 7979.301 -40.420 8.000
v 7985.640 -53.262 8.000
v 8018.493 -37.207 8.000
v 8011.447 -22.952 8.000
v 8005.160 -26.017 8.000
v 8004.149 -23.969 8.000
v 7998.454 -26.752 8.000
v 7999.651 -29.178 8.000
v 7995.533 -31.200 8.000
v 7992.344 -24.746 8.000
v 7986.047 -27.833 8.000
v 7990.836 -37.504 8.000
v 7988.064 -38.862 8.000
v 7986.984 -36.670 8.000
v 8032.867 -144.112 0.000
v 8039.037 -156.897 0.000
v 8047.141 -153.029 0.000
v 8050.349 -159.682 0.000
v 8058.644 -155.727 0.000
v 8055.907 -150.053 0.000
v 8066.562 -144.979 0.000
v 8060.333 -132.071 0.000
v 8053.715 -135.222 0.000
v 8055.893 -139.729 0.000
v 8048.893 -143.064 0.000
v 8046.294 -137.690 0.000
v 8032.867 -144.112 8.000
v 8039.037 -156.897 8.000
v 8047.141 -153.029 8.000
v 8050.349 -159.682 8.000
v 8058.644 -155.727 8.000
v 8055.907 -150.053 8.000
v 8066.562 -144.979 8.000
v 8060.333 -132.071 8.000
v 8053.715 -135.222 8.000
v 8055.893 -139.729 8.000
v 8048.893 -143.064 8.000
v 8046.294 -137.690 8.000
v 8010.757 -156.357 0.000
v 8012.386 -159.651 0.000
v 8003.759 -163.880 0.000
v 8002.395 -161.120 0.000
v 7996.439 -164.033 0.000
v 8002.268 -175.807 0.000
v 8007.531 -173.220 0.000
v 8009.092 -176.358 0.000
v 8021.697 -170.183 0.000
v 8018.802 -164.330 0.000
v 8028.002 -159.818 0.000
v 8023.252 -150.226 0.000
v 8010.757 -156.357 8.000
v 8012.386 -159.651 8.000
v 8003.759 -163.880 8.000
v 8002.395 -161.120 8.000
v 7996.439 -164.033 8.000
v 8002.268 -175.807 8.000
v 8007.531 -173.220 8.000
v 8009.092 -176.358 8.000
v 8021.697 -170.183 8.000
v 8018.802 -164.330 8.000
v 8028.002 -159.818 8.000
v 8023.252 -150.226 8.000
v 7979.370 -130.865 0.000
v 7985.646 -143.086 0.000
v 8002.080 -134.732 0.000
v 8003.622 -137.726 0.000
v 8015.134 -131.873 0.000
v 8008.279 -118.528 0.000
v 8001.187 -122.129 0.000
v 8002.081 -123.887 0.000
v 8000.142 -124.866 0.000
v 7996.852 -118.455 0.000
v 7989.368 -122.263 0.000
v 7990.802 -125.056 0.000
v 7979.370 -130.865 8.000
v 7985.646 -143.086 8.000
v 8002.080 -134.732 8.000
v 8003.622 -137.726 8.000
v 8015.134 -131.873 8.000
v 8008.279 -118.528 8.000
v 8001.187 -122.129 8.000
v 8002.081 -123.887 8.000
v 8000.142 -124.866 8.000
v 7996.852 -118.455 8.000
v 7989.368 -122.263 8.000
v 7990.802 -125.056 8.000
v 8018.447 -114.236 0.000
v 8024.508 -125.879 0.000
v 8035.719 -120.112 0.000
v 8033.981 -116.762 0.000
v 8042.038 -112.616 0.000
v 8042.951 -114.353 0.000
v 8050.074 -110.686 0.000
v 8043.493 -98.041 0.000
v 8025.641 -107.236 0.000
v 8026.996 -109.840 0.000
v 8018.447 -114.236 8.000
v 8024.508 -125.879 8.000
v 8035.719 -120.112 8.000
v 8033.981 -116.762 8.000
v 8042.038 -112.616 8.000
v 8042.951 -114.353 8.000
v 8050.074 -110.686 8.000
v 8043.493 -98.041 8.000
v 8025.641 -107.236 8.000
v 8026.996 -109.840 8.000
v 7577.233 -194.903 0.000
v 7587.740 -218.584 0.000
v 7594.667 -215.547 0.000
v 7591.915 -209.330 0.000
v 7613.831 -199.708 0.000
v 7615.466 -203.379 0.000
v 7622.052 -200.483 0.000
v 7613.023 -180.161 0.000
v 7602.080 -184.977 0.000
v 7605.273 -192.174 0.000
v 7592.152 -197.933 0.000
v 7588.597 -189.914 0.000
v 7577.233 -194.903 16.000
v 7587.740 -218.584 16.000
v 7594.667 -215.547 16.000
v 7591.915 -209.330 16.000
v 7613.831 -199.708 16.000
v 7615.466 -203.379 16.000
v 7622.052 -200.483 16.000
v 7613.023 -180.161 16.000
v 7602.080 -184.977 16.000
v 7605.273 -192.174 16.000
v 7592.152 -197.933 16.000
v 7588.597 -189.914 16.000
v 7561.215 -157.424 0.000
v 7570.811 -181.263 0.000
v 7583.265 -176.317 0.000
v 7580.226 -168.745 0.000
v 7593.693 -163.387 0.000
v 7596.381 -170.059 0.000
v 7607.720 -165.545 0.000
v 7599.180 -144.330 0.000
v 7591.744 -147.285 0.000
v 7593.864 -152.578 0.000
v 7587.753 -155.013 0.000
v 7589.336 -158.938 0.000
v 7582.632 -161.612 0.000
v 7581.069 -157.720 0.000
v 7575.690 -159.863 0.000
v 7572.846 -152.803 0.000
v 7561.215 -157.424 16.000
v 7570.811 -181.263 16.000
v 7583.265 -176.317 16.000
v 7580.226 -168.745 16.000
v 7593.693 -163.387 16.000
v 7596.381 -170.059 16.000
v 7607.720 -165.545 16.000
v 7599.180 -144.330 16.000
v 7591.744 -147.285 16.000
v 7593.864 -152.578 16.000
v 7587.753 -155.013 16.000
v 7589.336 -158.938 16.000
v 7582.632 -161.612 16.000
v 7581.069 -157.720 16.000
v 7575.690 -159.863 16.000
v 7572.846 -152.803 16.000
v 7621.245 -183.051 0.000
v 7628.728 -198.640 0.000
v 7658.373 -184.560 0.000
v 7651.459 -170.140 0.000
v 7647.653 -171.943 0.000
v 7649.958 -176.761 0.000
v 7628.758 -186.821 0.000
v 7625.894 -180.846 0.000
v 7621.245 -183.051 16.000
v 7628.728 -198.640 16.000
v 7658.373 -184.560 16.000
v 7651.459 -170.140 16.000
v 7647.653 -171.943 16.000
v 7649.958 -176.761 16.000
v 7628.758 -186.821 16.000
v 7625.894 -180.846 16.000
v 7593.626 -223.203 0.000
v 7604.418 -245.291 0.000
v 7609.319 -242.922 0.000
v 7608.230 -240.708 0.000
v 7613.432 -238.198 0.000
v 7610.911 -233.034 0.000
v 7621.727 -227.807 0.000
v 7625.132 -234.784 0.000
v 7636.230 -229.426 0.000
v 7625.614 -207.672 0.000
v 7619.779 -210.498 0.000
v 7622.085 -215.227 0.000
v 7602.791 -224.540 0.000
v 7600.515 -219.877 0.000
v 7593.626 -223.203 16.000
v 7604.418 -245.291 16.000
v 7609.319 -242.922 16.000
v 7608.230 -240.708 16.000
v 7613.432 -238.198 16.000
v 7610.911 -233.034 16.000
v 7621.727 -227.807 16.000
v 7625.132 -234.784 16.000
v 7636.230 -229.426 16.000
v 7625.614 -207.672 16.000
v 7619.779 -210.498 16.000
v 7622.085 -215.227 16.000
v 7602.791 -224.540 16.000
v 7600.515 -219.877 16.000
v 7630.063 -205.587 0.000
v 7640.841 -228.107 0.000
v 7651.677 -222.968 0.000
v 7649.823 -219.096 0.000
v 7661.844 -213.404 0.000
v 7663.580 -217.031 0.000
v 7673.411 -212.382 0.000
v 7662.839 -190.284 0.000
v 7655.759 -193.630 0.000
v 7659.192 -200.807 0.000
v 7639.318 -210.214 0.000
v 7635.807 -202.871 0.000
v 7630.063 -205.587 20.000
v 7640.841 -228.107 20.000
v 7651.677 -222.968 20.000
v 7649.823 -219.096 20.000
v 7661.844 -213.404 20.000
v 7663.580 -217.031 20.000
v 7673.411 -212.382 20.000
v 7662.839 -190.284 20.000
v 7655.759 -193.630 20.000
v 7659.192 -200.807 20.000
v 7639.318 -210.214 20.000
v 7635.807 -202.871 20.000
v 7783.173 -306.606 0.000
v 7783.081 -313.263 0.000
v 7789.620 -313.346 0.000
v 7789.711 -306.689 0.000
v 7783.173 -306.606 4.000
v 7783.081 -313.263 4.000
v 7789.620 -313.346 4.000
v 7789.711 -306.689 4.000
v 7725.854 393.455 0.000
v 7747.855 391.977 0.000
v 7759.380 381.003 0.000
v 7766.295 388.194 0.000
v 7755.087 398.866 0.000
v 7753.841 420.666 0.000
v 7742.417 420.019 0.000
v 7733.338 414.454 0.000
v 7726.815 407.537 0.000
v 7725.854 393.455 8.000
v 7747.855 391.977 8.000
v 7759.380 381.003 8.000
v 7766.295 388.194 8.000
v 7755.087 398.866 8.000
v 7753.841 420.666 8.000
v 7742.417 420.019 8.000
v 7733.338 414.454 8.000
v 7726.815 407.537 8.000
v 7729.928 366.124 0.000
v 7704.692 409.914 0.000
v 7691.315 402.295 0.000
v 7695.890 394.366 0.000
v 7689.196 390.551 0.000
v 7709.857 354.680 0.000
v 7729.928 366.124 7.500
v 7704.692 409.914 7.500
v 7691.315 402.295 7.500
v 7695.890 394.366 7.500
v 7689.196 390.551 7.500
v 7709.857 354.680 7.500
v 7902.778 208.151 0.000
v 7883.310 199.205 0.000
v 7894.886 174.318 0.000
v 7914.354 183.275 0.000
v 7902.778 208.151 10.000
v 7883.310 199.205 10.000
v 7894.886 174.318 10.000
v 7914.354 183.275 10.000
v 7726.949 -401.623 0.000
v 7728.077 -411.425 0.000
v 7735.184 -410.616 0.000
v 7736.701 -423.801 0.000
v 7753.025 -421.948 0.000
v 7751.814 -411.325 0.000
v 7762.454 -410.117 0.000
v 7763.702 -421.028 0.000
v 7780.797 -419.083 0.000
v 7779.687 -409.469 0.000
v 7783.730 -409.008 0.000
v 7782.121 -394.991 0.000
v 7766.627 -396.752 0.000
v 7767.478 -404.171 0.000
v 7765.436 -404.407 0.000
v 7764.853 -399.383 0.000
v 7748.539 -401.225 0.000
v 7749.242 -407.369 0.000
v 7745.338 -407.809 0.000
v 7744.404 -399.647 0.000
v 7726.949 -401.623 40.000
v 7728.077 -411.425 40.000
v 7735.184 -410.616 40.000
v 7736.701 -423.801 40.000
v 7753.025 -421.948 40.000
v 7751.814 -411.325 40.000
v 7762.454 -410.117 40.000
v 7763.702 -421.028 40.000
v 7780.797 -419.083 40.000
v 7779.687 -409.469 40.000
v 7783.730 -409.008 40.000
v 7782.121 -394.991 40.000
v 7766.627 -396.752 40.000
v 7767.478 -404.171 40.000
v 7765.436 -404.407 40.000
v 7764.853 -399.383 40.000
v 7748.539 -401.225 40.000
v 7749.242 -407.369 40.000
v 7745.338 -407.809 40.000
v 7744.404 -399.647 40.000
v 7723.277 -413.684 0.000
v 7722.031 -401.488 0.000
v 7705.879 -403.121 0.000
v 7706.869 -412.712 0.000
v 7704.387 -412.966 0.000
v 7704.085 -410.017 0.000
v 7702.724 -410.159 0.000
v 7702.237 -405.535 0.000
v 7686.044 -407.223 0.000
v 7686.778 -414.253 0.000
v 7681.004 -414.864 0.000
v 7680.379 -408.899 0.000
v 7668.820 -410.109 0.000
v 7669.702 -418.436 0.000
v 7679.830 -417.378 0.000
v 7680.106 -419.951 0.000
v 7677.527 -421.046 0.000
v 7678.288 -428.397 0.000
v 7682.752 -427.940 0.000
v 7682.375 -424.314 0.000
v 7688.670 -423.664 0.000
v 7688.945 -426.358 0.000
v 7690.747 -426.165 0.000
v 7689.995 -418.880 0.000
v 7702.214 -417.631 0.000
v 7702.939 -424.661 0.000
v 7704.530 -424.498 0.000
v 7704.374 -422.968 0.000
v 7706.746 -422.725 0.000
v 7706.517 -420.463 0.000
v 7713.633 -419.731 0.000
v 7712.991 -413.511 0.000
v 7720.226 -412.770 0.000
v 7720.825 -413.928 0.000
v 7723.277 -413.684 40.000
v 7722.031 -401.488 40.000
v 7705.879 -403.121 40.000
v 7706.869 -412.712 40.000
v 7704.387 -412.966 40.000
v 7704.085 -410.017 40.000
v 7702.724 -410.159 40.000
v 7702.237 -405.535 40.000
v 7686.044 -407.223 40.000
v 7686.778 -414.253 40.000
v 7681.004 -414.864 40.000
v 7680.379 -408.899 40.000
v 7668.820 -410.109 40.000
v 7669.702 -418.436 40.000
v 7679.830 -417.378 40.000
v 7680.106 -419.951 40.000
v 7677.527 -421.046 40.000
v 7678.288 -428.397 40.000
v 7682.752 -427.940 40.000
v 7682.375 -424.314 40.000
v 7688.670 -423.664 40.000
v 7688.945 -426.358 40.000
v 7690.747 -426.165 40.000
v 7689.995 -418.880 40.000
v 7702.214 -417.631 40.000
v 7702.939 -424.661 40.000
v 7704.530 -424.498 40.000
v 7704.374 -422.968 40.000
v 7706.746 -422.725 40.000
v 7706.517 -420.463 40.000
v 7713.633 -419.731 40.000
v 7712.991 -413.511 40.000
v 7720.226 -412.770 40.000
v 7720.825 -413.928 40.000
v 7699.434 -442.418 0.000
v 7699.969 -457.986 0.000
v 7694.278 -458.188 0.000
v 7693.730 -441.866 0.000
v 7677.798 -442.405 0.000
v 7678.229 -455.103 0.000
v 7672.449 -455.293 0.000
v 7672.323 -451.647 0.000
v 7664.511 -451.907 0.000
v 7665.022 -466.910 0.000
v 7682.604 -466.321 0.000
v 7682.377 -459.539 0.000
v 7686.718 -459.391 0.000
v 7686.922 -465.364 0.000
v 7705.235 -464.748 0.000
v 7705.022 -458.609 0.000
v 7710.763 -458.419 0.000
v 7711.022 -466.065 0.000
v 7721.243 -465.728 0.000
v 7720.427 -441.705 0.000
v 7699.434 -442.418 40.000
v 7699.969 -457.986 40.000
v 7694.278 -458.188 40.000
v 7693.730 -441.866 40.000
v 7677.798 -442.405 40.000
v 7678.229 -455.103 40.000
v 7672.449 -455.293 40.000
v 7672.323 -451.647 40.000
v 7664.511 -451.907 40.000
v 7665.022 -466.910 40.000
v 7682.604 -466.321 40.000
v 7682.377 -459.539 40.000
v 7686.718 -459.391 40.000
v 7686.922 -465.364 40.000
v 7705.235 -464.748 40.000
v 7705.022 -458.609 40.000
v 7710.763 -458.419 40.000
v 7711.022 -466.065 40.000
v 7721.243 -465.728 40.000
v 7720.427 -441.705 40.000
v 7757.027 -441.038 0.000
v 7757.208 -453.778 0.000
v 7755.138 -453.803 0.000
v 7754.969 -441.960 0.000
v 7729.730 -442.323 0.000
v 7729.881 -452.937 0.000
v 7725.031 -453.002 0.000
v 7725.204 -464.513 0.000
v 7743.483 -464.251 0.000
v 7743.394 -457.715 0.000
v 7747.874 -457.657 0.000
v 7747.993 -466.276 0.000
v 7762.883 -466.071 0.000
v 7762.788 -459.036 0.000
v 7769.188 -458.941 0.000
v 7769.272 -465.001 0.000
v 7781.941 -464.831 0.000
v 7781.596 -440.690 0.000
v 7757.027 -441.038 40.000
v 7757.208 -453.778 40.000
v 7755.138 -453.803 40.000
v 7754.969 -441.960 40.000
v 7729.730 -442.323 40.000
v 7729.881 -452.937 40.000
v 7725.031 -453.002 40.000
v 7725.204 -464.513 40.000
v 7743.483 -464.251 40.000
v 7743.394 -457.715 40.000
v 7747.874 -457.657 40.000
v 7747.993 -466.276 40.000
v 7762.883 -466.071 40.000
v 7762.788 -459.036 40.000
v 7769.188 -458.941 40.000
v 7769.272 -465.001 40.000
v 7781.941 -464.831 40.000
v 7781.596 -440.690 40.000
v 8763.258 -488.912 0.000
v 8759.100 -520.178 0.000
v 8775.817 -522.370 0.000
v 8778.181 -504.547 0.000
v 8763.258 -488.912 12.000
v 8759.100 -520.178 12.000
v 8775.817 -522.370 12.000
v 8778.181 -504.547 12.000
v 8782.994 -508.557 0.000
v 8782.977 -528.717 0.000
v 8806.729 -545.474 0.000
v 8808.961 -528.956 0.000
v 8782.994 -508.557 12.000
v 8782.977 -528.717 12.000
v 8806.729 -545.474 12.000
v 8808.961 -528.956 12.000
v 8773.089 -527.651 0.000
v 8772.628 -533.207 0.000
v 8766.793 -532.721 0.000
v 8767.142 -528.537 0.000
v 8759.369 -527.901 0.000
v 8756.816 -558.649 0.000
v 8754.797 -558.486 0.000
v 8754.460 -562.526 0.000
v 8768.457 -563.675 0.000
v 8768.199 -566.774 0.000
v 8778.169 -567.597 0.000
v 8781.441 -528.348 0.000
v 8773.089 -527.651 24.000
v 8772.628 -533.207 24.000
v 8766.793 -532.721 24.000
v 8767.142 -528.537 24.000
v 8759.369 -527.901 24.000
v 8756.816 -558.649 24.000
v 8754.797 -558.486 24.000
v 8754.460 -562.526 24.000
v 8768.457 -563.675 24.000
v 8768.199 -566.774 24.000
v 8778.169 -567.597 24.000
v 8781.441 -528.348 24.000
v 8784.927 -542.769 0.000
v 8777.894 -581.208 0.000
v 8795.881 -584.465 0.000
v 8802.914 -546.026 0.000
v 8784.927 -542.769 24.000
v 8777.894 -581.208 24.000
v 8795.881 -584.465 24.000
v 8802.914 -546.026 24.000
v 8665.722 -343.168 0.000
v 8697.895 -369.253 0.000
v 8703.757 -366.726 0.000
v 8703.212 -342.352 0.000
v 8665.722 -343.168 8.000
v 8697.895 -369.253 8.000
v 8703.757 -366.726 8.000
v 8703.212 -342.352 8.000
v 8415.211 -110.682 0.000
v 8439.567 -130.038 0.000
v 8446.861 -123.980 0.000
v 8454.698 -111.214 0.000
v 8445.964 -104.265 0.000
v 8443.041 -107.894 0.000
v 8440.837 -106.145 0.000
v 8438.410 -109.169 0.000
v 8434.579 -106.120 0.000
v 8430.250 -111.519 0.000
v 8427.143 -109.053 0.000
v 8415.211 -110.682 20.000
v 8439.567 -130.038 20.000
v 8446.861 -123.980 20.000
v 8454.698 -111.214 20.000
v 8445.964 -104.265 20.000
v 8443.041 -107.894 20.000
v 8440.837 -106.145 20.000
v 8438.410 -109.169 20.000
v 8434.579 -106.120 20.000
v 8430.250 -111.519 20.000
v 8427.143 -109.053 20.000
v 8458.162 -120.373 0.000
v 8456.868 -151.056 0.000
v 8465.632 -156.986 0.000
v 8471.528 -157.228 0.000
v 8473.063 -120.999 0.000
v 8458.162 -120.373 11.000
v 8456.868 -151.056 11.000
v 8465.632 -156.986 11.000
v 8471.528 -157.228 11.000
v 8473.063 -120.999 11.000
v 8475.882 -122.143 0.000
v 8473.260 -151.651 0.000
v 8478.784 -152.134 0.000
v 8477.289 -168.890 0.000
v 8483.843 -175.952 0.000
v 8485.556 -172.312 0.000
v 8491.775 -170.177 0.000
v 8489.622 -130.567 0.000
v 8484.334 -122.897 0.000
v 8475.882 -122.143 20.000
v 8473.260 -151.651 20.000
v 8478.784 -152.134 20.000
v 8477.289 -168.890 20.000
v 8483.843 -175.952 20.000
v 8485.556 -172.312 20.000
v 8491.775 -170.177 20.000
v 8489.622 -130.567 20.000
v 8484.334 -122.897 20.000
v 8341.474 -37.422 0.000
v 8366.769 -61.184 0.000
v 8414.514 -10.938 0.000
v 8389.210 12.835 0.000
v 8341.474 -37.422 20.000
v 8366.769 -61.184 20.000
v 8414.514 -10.938 20.000
v 8389.210 12.835 20.000
v 7938.682 377.175 0.000
v 7908.504 342.175 0.000
v 7924.344 328.657 0.000
v 7954.533 363.657 0.000
v 7938.682 377.175 11.000
v 7908.504 342.175 11.000
v 7924.344 328.657 11.000
v 7954.533 363.657 11.000
v 7906.368 407.139 0.000
v 7879.780 379.716 0.000
v 7888.410 371.428 0.000
v 7915.009 398.851 0.000
v 7906.368 407.139 11.000
v 7879.780 379.716 11.000
v 7888.410 371.428 11.000
v 7915.009 398.851 11.000
v 7887.779 459.408 0.000
v 7822.211 451.488 0.000
v 7823.029 444.790 0.000
v 7813.837 440.068 0.000
v 7819.386 429.394 0.000
v 7832.245 436.009 0.000
v 7889.795 442.951 0.000
v 7887.779 459.408 20.000
v 7822.211 451.488 20.000
v 7823.029 444.790 20.000
v 7813.837 440.068 20.000
v 7819.386 429.394 20.000
v 7832.245 436.009 20.000
v 7889.795 442.951 20.000
v -15078.414 -6484.502 0.000
v -15128.410 -6517.738 0.000
v -15087.013 -6579.335 0.000
v -15037.016 -6546.110 0.000
v -15078.414 -6484.502 16.000
v -15128.410 -6517.738 16.000
v -15087.013 -6579.335 16.000
v -15037.016 -6546.110 16.000
v 4670.050 3666.504 0.000
v 4668.944 3651.151 0.000
v 4679.062 3650.423 0.000
v 4679.383 3666.149 0.000
v 4670.050 3666.504 9.600
v 4668.944 3651.151 9.600
v 4679.062 3650.423 9.600
v 4679.383 3666.149 9.600
v -8919.524 -290.521 0.000
v -8914.939 -318.386 0.000
v -8839.726 -309.799 0.000
v -8838.679 -272.290 0.000
v -8919.524 -290.521 3.200
v -8914.939 -318.386 3.200
v -8839.726 -309.799 3.200
v -8838.679 -272.290 3.200
v 13147.308 -1067.603 0.000
v 13250.081 -1129.616 0.000
v 13257.977 -1133.341 0.000
v 13302.483 -1154.539 0.000
v 13321.038 -1126.613 0.000
v 13364.091 -1137.950 0.000
v 13440.414 -1119.475 0.000
v 13452.797 -1117.835 0.000
v 13462.288 -1111.915 0.000
v 13468.612 -1100.020 0.000
v 13474.596 -1094.999 0.000
v 13486.558 -1086.665 0.000
v 13546.146 -1039.607 0.000
v 13550.420 -1036.831 0.000
v 13553.204 -1010.382 0.000
v 13496.262 -1014.951 0.000
v 13483.496 -1049.752 0.000
v 13473.213 -1059.231 0.000
v 13462.151 -1061.947 0.000
v 13449.969 -1063.533 0.000
v 13438.114 -1059.762 0.000
v 13432.495 -1054.085 0.000
v 13431.405 -1049.567 0.000
v 13434.000 -1044.528 0.000
v 13442.010 -1035.305 0.000
v 13462.505 -1021.973 0.000
v 13466.500 -1015.784 0.000
v 13459.609 -992.317 0.000
v 13450.304 -988.524 0.000
v 13440.887 -997.357 0.000
v 13417.000 -1036.889 0.000
v 13378.437 -1089.683 0.000
v 13364.987 -1089.929 0.000
v 13343.074 -1074.880 0.000
v 13332.980 -1076.641 0.000
v 13318.271 -1092.494 0.000
v 13308.933 -1092.411 0.000
v 13248.265 -1067.348 0.000
v 13175.296 -1039.207 0.000
v 13149.978 -1030.431 0.000
v 13143.111 -1043.706 0.000
v 13147.127 -1056.414 0.000
v 13147.308 -1067.603 6.400
v 13250.081 -1129.616 6.400
v 13257.977 -1133.341 6.400
v 13302.483 -1154.539 6.400
v 13321.038 -1126.613 6.400
v 13364.091 -1137.950 6.400
v 13440.414 -1119.475 6.400
v 13452.797 -1117.835 6.400
v 13462.288 -1111.915 6.400
v 13468.612 -1100.020 6.400
v 13474.596 -1094.999 6.400
v 13486.558 -1086.665 6.400
v 13546.146 -1039.607 6.400
v 13550.420 -1036.831 6.400
v 13553.204 -1010.382 6.400
v 13496.262 -1014.951 6.400
v 13483.496 -1049.752 6.400
v 13473.213 -1059.231 6.400
v 13462.151 -1061.947 6.400
v 13449.969 -1063.533 6.400
v 13438.114 -1059.762 6.400
v 13432.495 -1054.085 6.400
v 13431.405 -1049.567 6.400
v 13434.000 -1044.528 6.400
v 13442.010 -1035.305 6.400
v 13462.505 -1021.973 6.400
v 13466.500 -1015.784 6.400
v 13459.609 -992.317 6.400
v 13450.304 -988.524 6.400
v 13440.887 -997.357 6.400
v 13417.000 -1036.889 6.400
v 13378.437 -1089.683 6.400
v 13364.987 -1089.929 6.400
v 13343.074 -1074.880 6.400
v 13332.980 -1076.641 6.400
v 13318.271 -1092.494 6.400
v 13308.933 -1092.411 6.400
v 13248.265 -1067.348 6.400
v 13175.296 -1039.207 6.400
v 13149.978 -1030.431 6.400
v 13143.111 -1043.706 6.400
v 13147.127 -1056.414 6.400
v 10029.905 -1040.654 0.000
v 10027.088 -1052.514 0.000
v 10032.986 -1053.665 0.000
v 10035.935 -1041.684 0.000
v 10029.905 -1040.654 6.400
v 10027.088 -1052.514 6.400
v 10032.986 -1053.665 6.400
v 10035.935 -1041.684 6.400
v 4868.251 5428.630 0.000
v 4867.872 5425.566 0.000
v 4859.251 5425.980 0.000
v 4858.467 5415.066 0.000
v 4872.589 5415.141 0.000
v 4873.422 5416.507 0.000
v 4873.588 5428.635 0.000
v 4868.251 5428.630 9.600
v 4867.872 5425.566 9.600
v 4859.251 5425.980 9.600
v 4858.467 5415.066 9.600
v 4872.589 5415.141 9.600
v 4873.422 5416.507 9.600
v 4873.588 5428.635 9.600
v 4726.633 5468.865 0.000
v 4724.163 5467.670 0.000
v 4724.725 5462.758 0.000
v 4729.016 5459.958 0.000
v 4734.260 5461.747 0.000
v 4743.813 5461.656 0.000
v 4745.906 5455.820 0.000
v 4749.518 5446.902 0.000
v 4755.379 5448.385 0.000
v 4766.179 5450.110 0.000
v 4781.939 5456.395 0.000
v 4792.114 5457.527 0.000
v 4798.910 5459.600 0.000
v 4813.400 5461.611 0.000
v 4821.466 5467.959 0.000
v 4821.884 5479.287 0.000
v 4819.451 5482.988 0.000
v 4799.753 5484.095 0.000
v 4783.482 5489.147 0.000
v 4770.840 5487.130 0.000
v 4750.842 5489.160 0.000
v 4726.738 5479.897 0.000
v 4726.633 5468.865 19.200
v 4724.163 5467.670 19.200
v 4724.725 5462.758 19.200
v 4729.016 5459.958 19.200
v 4734.260 5461.747 19.200
v 4743.813 5461.656 19.200
v 4745.906 5455.820 19.200
v 4749.518 5446.902 19.200
v 4755.379 5448.385 19.200
v 4766.179 5450.110 19.200
v 4781.939 5456.395 19.200
v 4792.114 5457.527 19.200
v 4798.910 5459.600 19.200
v 4813.400 5461.611 19.200
v 4821.466 5467.959 19.200
v 4821.884 5479.287 19.200
v 4819.451 5482.988 19.200
v 4799.753 5484.095 19.200
v 4783.482 5489.147 19.200
v 4770.840 5487.130 19.200
v 4750.842 5489.160 19.200
v 4726.738 5479.897 19.200
v 4840.731 5404.933 0.000
v 4833.636 5404.923 0.000
v 4832.483 5401.401 0.000
v 4831.910 5394.837 0.000
v 4831.443 5388.882 0.000
v 4829.727 5389.109 0.000
v 4829.687 5384.967 0.000
v 4831.500 5384.340 0.000
v 4830.442 5379.299 0.000
v 4833.269 5378.065 0.000
v 4836.889 5378.329 0.000
v 4836.893 5384.998 0.000
v 4838.769 5400.333 0.000
v 4840.087 5403.411 0.000
v 4840.731 5404.933 6.400
v 4833.636 5404.923 6.400
v 4832.483 5401.401 6.400
v 4831.910 5394.837 6.400
v 4831.443 5388.882 6.400
v 4829.727 5389.109 6.400
v 4829.687 5384.967 6.400
v 4831.500 5384.340 6.400
v 4830.442 5379.299 6.400
v 4833.269 5378.065 6.400
v 4836.889 5378.329 6.400
v 4836.893 5384.998 6.400
v 4838.769 5400.333 6.400
v 4840.087 5403.411 6.400
v 4885.751 5394.135 0.000
v 4878.147 5394.296 0.000
v 4878.802 5388.574 0.000
v 4878.323 5384.447 0.000
v 4876.982 5383.230 0.000
v 4875.733 5372.862 0.000
v 4881.816 5371.398 0.000
v 4882.739 5374.911 0.000
v 4883.886 5374.723 0.000
v 4886.714 5374.696 0.000
v 4889.900 5374.400 0.000
v 4889.434 5381.084 0.000
v 4886.870 5381.551 0.000
v 4888.939 5385.752 0.000
v 4885.429 5388.688 0.000
v 4885.279 5390.805 0.000
v 4885.751 5394.135 12.800
v 4878.147 5394.296 12.800
v 4878.802 5388.574 12.800
v 4878.323 5384.447 12.800
v 4876.982 5383.230 12.800
v 4875.733 5372.862 12.800
v 4881.816 5371.398 12.800
v 4882.739 5374.911 12.800
v 4883.886 5374.723 12.800
v 4886.714 5374.696 12.800
v 4889.900 5374.400 12.800
v 4889.434 5381.084 12.800
v 4886.870 5381.551 12.800
v 4888.939 5385.752 12.800
v 4885.429 5388.688 12.800
v 4885.279 5390.805 12.800
v 4860.630 5400.788 0.000
v 4858.593 5397.872 0.000
v 4856.340 5372.306 0.000
v 4866.236 5370.472 0.000
v 4870.819 5401.356 0.000
v 4860.630 5400.788 9.600
v 4858.593 5397.872 9.600
v 4856.340 5372.306 9.600
v 4866.236 5370.472 9.600
v 4870.819 5401.356 9.600
v 4859.512 5451.201 0.000
v 4857.158 5428.637 0.000
v 4868.251 5428.630 0.000
v 4869.874 5431.096 0.000
v 4874.671 5433.188 0.000
v 4876.908 5442.505 0.000
v 4869.836 5442.883 0.000
v 4872.707 5453.578 0.000
v 4859.512 5451.201 9.600
v 4857.158 5428.637 9.600
v 4868.251 5428.630 9.600
v 4869.874 5431.096 9.600
v 4874.671 5433.188 9.600
v 4876.908 5442.505 9.600
v 4869.836 5442.883 9.600
v 4872.707 5453.578 9.600
v 4880.243 5452.587 0.000
v 4878.517 5449.845 0.000
v 4879.892 5448.303 0.000
v 4879.841 5442.942 0.000
v 4889.516 5439.937 0.000
v 4894.457 5441.418 0.000
v 4894.642 5445.094 0.000
v 4893.441 5448.019 0.000
v 4892.244 5451.398 0.000
v 4890.129 5456.015 0.000
v 4884.881 5454.835 0.000
v 4880.243 5452.587 3.200
v 4878.517 5449.845 3.200
v 4879.892 5448.303 3.200
v 4879.841 5442.942 3.200
v 4889.516 5439.937 3.200
v 4894.457 5441.418 3.200
v 4894.642 5445.094 3.200
v 4893.441 5448.019 3.200
v 4892.244 5451.398 3.200
v 4890.129 5456.015 3.200
v 4884.881 5454.835 3.200
v 10146.174 547.553 0.000
v 10146.027 531.437 0.000
v 10176.622 529.618 0.000
v 10175.047 554.190 0.000
v 10146.174 547.553 30.000
v 10146.027 531.437 30.000
v 10176.622 529.618 30.000
v 10175.047 554.190 30.000
v 12533.520 4322.195 0.000
v 12525.435 4285.514 0.000
v 12539.413 4282.774 0.000
v 12546.737 4320.459 0.000
v 12533.520 4322.195 3.200
v 12525.435 4285.514 3.200
v 12539.413 4282.774 3.200
v 12546.737 4320.459 3.200
v 12519.764 4258.249 0.000
v 12531.587 4253.756 0.000
v 12538.958 4281.095 0.000
v 12525.912 4284.047 0.000
v 12519.764 4258.249 3.200
v 12531.587 4253.756 3.200
v 12538.958 4281.095 3.200
v 12525.912 4284.047 3.200
v 12497.143 4207.608 0.000
v 12507.209 4203.353 0.000
v 12529.056 4250.079 0.000
v 12517.763 4254.589 0.000
v 12497.143 4207.608 3.200
v 12507.209 4203.353 3.200
v 12529.056 4250.079 3.200
v 12517.763 4254.589 3.200
v 12509.906 4325.840 0.000
v 12492.893 4275.415 0.000
v 12504.327 4270.982 0.000
v 12522.297 4321.198 0.000
v 12509.906 4325.840 9.600
v 12492.893 4275.415 9.600
v 12504.327 4270.982 9.600
v 12522.297 4321.198 9.600
v 2676.493 -5187.398 0.000
v 2650.311 -5204.558 0.000
v 2663.160 -5228.764 0.000
v 2655.825 -5226.023 0.000
v 2654.359 -5230.650 0.000
v 2661.556 -5233.257 0.000
v 2644.298 -5246.050 0.000
v 2664.114 -5275.818 0.000
v 2687.894 -5262.944 0.000
v 2684.095 -5259.672 0.000
v 2691.037 -5259.596 0.000
v 2690.661 -5255.084 0.000
v 2686.696 -5254.480 0.000
v 2687.860 -5250.980 0.000
v 2682.039 -5238.528 0.000
v 2683.220 -5233.322 0.000
v 2695.296 -5225.752 0.000
v 2689.595 -5218.463 0.000
v 2696.125 -5216.588 0.000
v 2696.561 -5214.897 0.000
v 2690.781 -5212.692 0.000
v 2694.665 -5207.247 0.000
v 2676.493 -5187.398 12.800
v 2650.311 -5204.558 12.800
v 2663.160 -5228.764 12.800
v 2655.825 -5226.023 12.800
v 2654.359 -5230.650 12.800
v 2661.556 -5233.257 12.800
v 2644.298 -5246.050 12.800
v 2664.114 -5275.818 12.800
v 2687.894 -5262.944 12.800
v 2684.095 -5259.672 12.800
v 2691.037 -5259.596 12.800
v 2690.661 -5255.084 12.800
v 2686.696 -5254.480 12.800
v 2687.860 -5250.980 12.800
v 2682.039 -5238.528 12.800
v 2683.220 -5233.322 12.800
v 2695.296 -5225.752 12.800
v 2689.595 -5218.463 12.800
v 2696.125 -5216.588 12.800
v 2696.561 -5214.897 12.800
v 2690.781 -5212.692 12.800
v 2694.665 -5207.247 12.800
v 8551.427 -1318.286 0.000
v 8551.003 -1331.674 0.000
v 8566.867 -1332.175 0.000
v 8567.290 -1318.787 0.000
v 8551.427 -1318.286 6.400
v 8551.003 -1331.674 6.400
v 8566.867 -1332.175 6.400
v 8567.290 -1318.787 6.400
v 8549.097 -1333.429 0.000
v 8549.119 -1348.328 0.000
v 8576.797 -1348.284 0.000
v 8576.774 -1333.386 0.000
v 8549.097 -1333.429 9.600
v 8549.119 -1348.328 9.600
v 8576.797 -1348.284 9.600
v 8576.774 -1333.386 9.600
v 8128.947 -1732.886 0.000
v 8144.942 -1732.149 0.000
v 8144.117 -1714.440 0.000
v 8128.121 -1715.178 0.000
v 8128.947 -1732.886 9.600
v 8144.942 -1732.149 9.600
v 8144.117 -1714.440 9.600
v 8128.121 -1715.178 9.600
v 12488.397 4265.564 0.000
v 12468.298 4218.722 0.000
v 12494.733 4207.497 0.000
v 12499.572 4218.785 0.000
v 12495.629 4220.460 0.000
v 12510.889 4256.002 0.000
v 12488.397 4265.564 9.600
v 12468.298 4218.722 9.600
v 12494.733 4207.497 9.600
v 12499.572 4218.785 9.600
v 12495.629 4220.460 9.600
v 12510.889 4256.002 9.600
v 9572.864 -3984.118 0.000
v 9549.716 -3989.113 0.000
v 9533.582 -4000.308 0.000
v 9526.823 -4031.804 0.000
v 9526.968 -4049.894 0.000
v 9520.724 -4059.031 0.000
v 9504.493 -4081.867 0.000
v 9499.940 -4107.258 0.000
v 9494.589 -4120.390 0.000
v 9494.198 -4129.270 0.000
v 9494.401 -4140.925 0.000
v 9514.985 -4147.239 0.000
v 9523.066 -4139.648 0.000
v 9530.906 -4124.400 0.000
v 9533.793 -4112.785 0.000
v 9535.408 -4104.514 0.000
v 9543.466 -4099.382 0.000
v 9549.427 -4121.203 0.000
v 9570.936 -4128.134 0.000
v 9582.697 -4122.726 0.000
v 9587.395 -4114.195 0.000
v 9583.165 -4104.342 0.000
v 9583.266 -4093.310 0.000
v 9575.776 -4070.257 0.000
v 9575.559 -4060.142 0.000
v 9576.876 -4050.650 0.000
v 9578.569 -4035.036 0.000
v 9584.523 -4023.759 0.000
v 9584.984 -4007.214 0.000
v 9582.623 -3995.240 0.000
v 9580.217 -3989.392 0.000
v 9572.864 -3984.118 25.600
v 9549.716 -3989.113 25.600
v 9533.582 -4000.308 25.600
v 9526.823 -4031.804 25.600
v 9526.968 -4049.894 25.600
v 9520.724 -4059.031 25.600
v 9504.493 -4081.867 25.600
v 9499.940 -4107.258 25.600
v 9494.589 -4120.390 25.600
v 9494.198 -4129.270 25.600
v 9494.401 -4140.925 25.600
v 9514.985 -4147.239 25.600
v 9523.066 -4139.648 25.600
v 9530.906 -4124.400 25.600
v 9533.793 -4112.785 25.600
v 9535.408 -4104.514 25.600
v 9543.466 -4099.382 25.600
v 9549.427 -4121.203 25.600
v 9570.936 -4128.134 25.600
v 9582.697 -4122.726 25.600
v 9587.395 -4114.195 25.600
v 9583.165 -4104.342 25.600
v 9583.266 -4093.310 25.600
v 9575.776 -4070.257 25.600
v 9575.559 -4060.142 25.600
v 9576.876 -4050.650 25.600
v 9578.569 -4035.036 25.600
v 9584.523 -4023.759 25.600
v 9584.984 -4007.214 25.600
v 9582.623 -3995.240 25.600
v 9580.217 -3989.392 25.600
v 4254.430 -142.024 0.000
v 4243.369 -140.234 0.000
v 4242.500 -230.948 0.000
v 4251.409 -231.953 0.000
v 4254.430 -142.024 19.200
v 4243.369 -140.234 19.200
v 4242.500 -230.948 19.200
v 4251.409 -231.953 19.200
v 8537.893 -1330.722 0.000
v 8516.677 -1328.388 0.000
v 8514.376 -1349.081 0.000
v 8535.602 -1351.415 0.000
v 8537.893 -1330.722 9.600
v 8516.677 -1328.388 9.600
v 8514.376 -1349.081 9.600
v 8535.602 -1351.415 9.600
v 8521.007 -1323.975 0.000
v 8540.311 -1326.568 0.000
v 8541.747 -1313.012 0.000
v 8537.897 -1305.456 0.000
v 8524.243 -1307.091 0.000
v 8521.007 -1323.975 9.600
v 8540.311 -1326.568 9.600
v 8541.747 -1313.012 9.600
v 8537.897 -1305.456 9.600
v 8524.243 -1307.091 9.600
v 8002.669 -2338.027 0.000
v 8002.932 -2365.633 0.000
v 8017.723 -2365.516 0.000
v 8016.169 -2336.856 0.000
v 8002.669 -2338.027 19.200
v 8002.932 -2365.633 19.200
v 8017.723 -2365.516 19.200
v 8016.169 -2336.856 19.200
v 8160.118 -1424.060 0.000
v 8160.214 -1448.264 0.000
v 8176.355 -1447.926 0.000
v 8176.019 -1423.842 0.000
v 8160.118 -1424.060 12.800
v 8160.214 -1448.264 12.800
v 8176.355 -1447.926 12.800
v 8176.019 -1423.842 12.800
v 8190.281 -1524.819 0.000
v 8209.862 -1525.610 0.000
v 8210.183 -1505.021 0.000
v 8190.467 -1504.716 0.000
v 8190.281 -1524.819 9.600
v 8209.862 -1525.610 9.600
v 8210.183 -1505.021 9.600
v 8190.467 -1504.716 9.600
v 8189.920 -1528.139 0.000
v 8189.884 -1538.562 0.000
v 8211.491 -1538.641 0.000
v 8211.527 -1528.229 0.000
v 8189.920 -1528.139 9.600
v 8189.884 -1538.562 9.600
v 8211.491 -1538.641 9.600
v 8211.527 -1528.229 9.600
v 8179.034 -1545.119 0.000
v 8167.662 -1545.445 0.000
v 8168.012 -1560.525 0.000
v 8179.475 -1560.132 0.000
v 8179.034 -1545.119 12.800
v 8167.662 -1545.445 12.800
v 8168.012 -1560.525 12.800
v 8179.475 -1560.132 12.800
v 8129.928 -1624.895 0.000
v 8129.868 -1642.141 0.000
v 8171.340 -1641.551 0.000
v 8170.513 -1625.049 0.000
v 8129.928 -1624.895 22.400
v 8129.868 -1642.141 22.400
v 8171.340 -1641.551 22.400
v 8170.513 -1625.049 22.400
v 6580.086 1681.226 0.000
v 6600.918 1665.145 0.000
v 6666.638 1749.334 0.000
v 6647.820 1763.856 0.000
v 6643.662 1758.522 0.000
v 6642.322 1759.554 0.000
v 6635.876 1751.296 0.000
v 6637.514 1750.028 0.000
v 6614.848 1720.998 0.000
v 6613.538 1722.007 0.000
v 6609.005 1716.190 0.000
v 6610.295 1715.192 0.000
v 6589.370 1688.372 0.000
v 6587.058 1690.166 0.000
v 6580.086 1681.226 25.600
v 6600.918 1665.145 25.600
v 6666.638 1749.334 25.600
v 6647.820 1763.856 25.600
v 6643.662 1758.522 25.600
v 6642.322 1759.554 25.600
v 6635.876 1751.296 25.600
v 6637.514 1750.028 25.600
v 6614.848 1720.998 25.600
v 6613.538 1722.007 25.600
v 6609.005 1716.190 25.600
v 6610.295 1715.192 25.600
v 6589.370 1688.372 25.600
v 6587.058 1690.166 25.600
v 6651.687 1763.664 0.000
v 6667.673 1750.986 0.000
v 6688.520 1776.976 0.000
v 6672.545 1789.654 0.000
v 6651.687 1763.664 25.600
v 6667.673 1750.986 25.600
v 6688.520 1776.976 25.600
v 6672.545 1789.654 25.600
v 11535.877 1276.510 0.000
v 11526.806 1249.531 0.000
v 11536.450 1245.822 0.000
v 11546.659 1274.873 0.000
v 11535.877 1276.510 6.400
v 11526.806 1249.531 6.400
v 11536.450 1245.822 6.400
v 11546.659 1274.873 6.400
f 53 52 51 50 49 48 47 46 45 44 43 42 41 40 39 38 37 36 35 34 33 32 31 30 29 28 27 26 25 24 23 22 21 20 19 18 17 16 15 14 13 12 11 10 9 8 7 6 5 4 3 2 1
f 54 55 56 57 58 59 60 61 62 63 64 65 66 67 68 69 70 71 72 73 74 75 76 77 78 79 80 81 82 83 84 85 86 87 88 89 90 91 92 93 94 95 96 97 98 99 100 101 102 103 104 105 106
f 1 2 55 54
f 2 3 56 55
f 3 4 57 56
f 4 5 58 57
f 5 6 59 58
f 6 7 60 59
f 7 8 61 60
f 8 9 62 61
f 9 10 63 62
f 10 11 64 63
f 11 12 65 64
f 12 13 66 65
f 13 14 67 66
f 14 15 68 67
f 15 16 69 68
f 16 17 70 69
f 17 18 71 70
f 18 19 72 71
f 19 20 73 72
f 20 21 74 73
f 21 22 75 74
f 22 23 76 75
f 23 24 77 76
f 24 25 78 77
f 25 26 79 78
f 26 27 80 79
f 27 28 81 80
f 28 29 82 81
f 29 30 83 82
f 30 31 84 83
f 31 32 85 84
f 32 33 86 85
f 33 34 87 86
f 34 35 88 87
f 35 36 89 88
f 36 37 90 89
f 37 38 91 90
f 38 39 92 91
f 39 40 93 92
f 40 41 94 93
f 41 42 95 94
f 42 43 96 95
f 43 44 97 96
f 44 45 98 97
f 45 46 99 98
f 46 47 100 99
f 47 48 101 100
f 48 49 102 101
f 49 50 103 102
f 50 51 104 103
f 51 52 105 104
f 52 53 106 105
f 53 1 54 106
f 136 135 134 133 132 131 130 129 128 127 126 125 124 123 122 121 120 119 118 117 116 115 114 113 112 111 110 109 108 107
f 137 138 139 140 141 142 143 144 145 146 147 148 149 150 151 152 153 154 155 156 157 158 159 160 161 162 163 164 165 166
f 107 108 138 137
f 108 109 139 138
f 109 110 140 139
f 110 111 141 140
f 111 112 142 141
f 112 113 143 142
f 113 114 144 143
f 114 115 145 144
f 115 116 146 145
f 116 117 147 146
f 117 118 148 147
f 118 119 149 148
f 119 120 150 149
f 120 121 151 150
f 121 122 152 151
f 122 123 153 152
f 123 124 154 153
f 124 125 155 154
f 125 126 156 155
f 126 127 157 156
f 127 128 158 157
f 128 129 159 158
f 129 130 160 159
f 130 131 161 160
f 131 132 162 161
f 132 133 163 162
f 133 134 164 163
f 134 135 165 164
f 135 136 166 165
f 136 107 137 166
f 184 183 182 181 180 179 178 177 176 175 174 173 172 171 170 169 168 167
f 185 186 187 188 189 190 191 192 193 194 195 196 197 198 199 200 201 202
f 167 168 186 185
f 168 169 187 186
f 169 170 188 187
f 170 171 189 188
f 171 172 190 189
f 172 173 191 190
f 173 174 192 191
f 174 175 193 192
f 175 176 194 193
f 176 177 195 194
f 177 178 196 195
f 178 179 197 196
f 179 180 198 197
f 180 181 199 198
f 181 182 200 199
f 182 183 201 200
f 183 184 202 201
f 184 167 185 202
f 211 210 209 208 207 206 205 204 203
f 212 213 214 215 216 217 218 219 220
f 203 204 213 212
f 204 205 214 213
f 205 206 215 214
f 206 207 216 215
f 207 208 217 216
f 208 209 218 217
f 209 210 219 218
f 210 211 220 219
f 211 203 212 220
f 235 234 233 232 231 230 229 228 227 226 225 224 223 222 221
f 236 237 238 239 240 241 242 243 244 245 246 247 248 249 250
f 221 222 237 236
f 222 223 238 237
f 223 224 239 238
f 224 225 240 239
f 225 226 241 240
f 226 227 242 241
f 227 228 243 242
f 228 229 244 243
f 229 230 245 244
f 230 231 246 245
f 231 232 247 246
f 232 233 248 247
f 233 234 249 248
f 234 235 250 249
f 235 221 236 250
f 267 266 265 264 263 262 261 260 259 258 257 256 255 254 253 252 251
f 268 269 270 271 272 273 274 275 276 277 278 279 280 281 282 283 284
f 251 252 269 268
f 252 253 270 269
f 253 254 271 270
f 254 255 272 271
f 255 256 273 272
f 256 257 274 273
f 257 258 275 274
f 258 259 276 275
f 259 260 277 276
f 260 261 278 277
f 261 262 279 278
f 262 263 280 279
f 263 264 281 280
f 264 265 282 281
f 265 266 283 282
f 266 267 284 283
f 267 251 268 284
f 288 287 286 285
f 289 290 291 292
f 285 286 290 289
f 286 287 291 290
f 287 288 292 291
f 288 285 289 292
f 303 302 301 300 299 298 297 296 295 294 293
f 304 305 306 307 308 309 310 311 312 313 314
f 293 294 305 304
f 294 295 306 305
f 295 296 307 306
f 296 297 308 307
f 297 298 309 308
f 298 299 310 309
f 299 300 311 310
f 300 301 312 311
f 301 302 313 312
f 302 303 314 313
f 303 293 304 314
f 328 327 326 325 324 323 322 321 320 319 318 317 316 315
f 329 330 331 332 333 334 335 336 337 338 339 340 341 342
f 315 316 330 329
f 316 317 331 330
f 317 318 332 331
f 318 319 333 332
f 319 320 334 333
f 320 321 335 334
f 321 322 336 335
f 322 323 337 336
f 323 324 338 337
f 324 325 339 338
f 325 326 340 339
f 326 327 341 340
f 327 328 342 341
f 328 315 329 342
f 350 349 348 347 346 345 344 343
f 351 352 353 354 355 356 357 358
f 343 344 352 351
f 344 345 353 352
f 345 346 354 353
f 346 347 355 354
f 347 348 356 355
f 348 349 357 356
f 349 350 358 357
f 350 343 351 358
f 362 361 360 359
f 363 364 365 366
f 359 360 364 363
f 360 361 365 364
f 361 362 366 365
f 362 359 363 366
f 370 369 368 367
f 371 372 373 374
f 367 368 372 371
f 368 369 373 372
f 369 370 374 373
f 370 367 371 374
f 378 377 376 375
f 379 380 381 382
f 375 376 380 379
f 376 377 381 380
f 377 378 382 381
f 378 375 379 382
f 388 387 386 385 384 383
f 389 390 391 392 393 394
f 383 384 390 389
f 384 385 391 390
f 385 386 392 391
f 386 387 393 392
f 387 388 394 393
f 388 383 389 394
f 398 397 396 395
f 399 400 401 402
f 395 396 400 399
f 396 397 401 400
f 397 398 402 401
f 398 395 399 402
f 406 405 404 403
f 407 408 409 410
f 403 404 408 407
f 404 405 409 408
f 405 406 410 409
f 406 403 407 410
f 414 413 412 411
f 415 416 417 418
f 411 412 416 415
f 412 413 417 416
f 413 414 418 417
f 414 411 415 418
f 422 421 420 419
f 423 424 425 426
f 419 420 424 423
f 420 421 425 424
f 421 422 426 425
f 422 419 423 426
f 430 429 428 427
f 431 432 433 434
f 427 428 432 431
f 428 429 433 432
f 429 430 434 433
f 430 427 431 434
f 438 437 436 435
f 439 440 441 442
f 435 436 440 439
f 436 437 441 440
f 437 438 442 441
f 438 435 439 442
f 448 447 446 445 444 443
f 449 450 451 452 453 454
f 443 444 450 449
f 444 445 451 450
f 445 446 452 451
f 446 447 453 452
f 447 448 454 453
f 448 443 449 454
f 470 469 468 467 466 465 464 463 462 461 460 459 458 457 456 455
f 471 472 473 474 475 476 477 478 479 480 481 482 483 484 485 486
f 455 456 472 471
f 456 457 473 472
f 457 458 474 473
f 458 459 475 474
f 459 460 476 475
f 460 461 477 476
f 461 462 478 477
f 462 463 479 478
f 463 464 480 479
f 464 465 481 480
f 465 466 482 481
f 466 467 483 482
f 467 468 484 483
f 468 469 485 484
f 469 470 486 485
f 470 455 471 486
f 490 489 488 487
f 491 492 493 494
f 487 488 492 491
f 488 489 493 492
f 489 490 494 493
f 490 487 491 494
f 498 497 496 495
f 499 500 501 502
f 495 496 500 499
f 496 497 501 500
f 497 498 502 501
f 498 495 499 502
f 507 506 505 504 503
f 508 509 510 511 512
f 503 504 509 508
f 504 505 510 509
f 505 506 511 510
f 506 507 512 511
f 507 503 508 512
f 518 517 516 515 514 513
f 519 520 521 522 523 524
f 513 514 520 519
f 514 515 521 520
f 515 516 522 521
f 516 517 523 522
f 517 518 524 523
f 518 513 519 524
f 528 527 526 525
f 529 530 531 532
f 525 526 530 529
f 526 527 531 530
f 527 528 532 531
f 528 525 529 532
f 545 544 543 542 541 540 539 538 537 536 535 534 533
f 546 547 548 549 550 551 552 553 554 555 556 557 558
f 533 534 547 546
f 534 535 548 547
f 535 536 549 548
f 536 537 550 549
f 537 538 551 550
f 538 539 552 551
f 539 540 553 552
f 540 541 554 553
f 541 542 555 554
f 542 543 556 555
f 543 544 557 556
f 544 545 558 557
f 545 533 546 558
f 566 565 564 563 562 561 560 559
f 567 568 569 570 571 572 573 574
f 559 560 568 567
f 560 561 569 568
f 561 562 570 569
f 562 563 571 570
f 563 564 572 571
f 564 565 573 572
f 565 566 574 573
f 566 559 567 574
f 578 577 576 575
f 579 580 581 582
f 575 576 580 579
f 576 577 581 580
f 577 578 582 581
f 578 575 579 582
f 586 585 584 583
f 587 588 589 590
f 583 584 588 587
f 584 585 589 588
f 585 586 590 589
f 586 583 587 590
f 594 593 592 591
f 595 596 597 598
f 591 592 596 595
f 592 593 597 596
f 593 594 598 597
f 594 591 595 598
f 602 601 600 599
f 603 604 605 606
f 599 600 604 603
f 600 601 605 604
f 601 602 606 605
f 602 599 603 606
f 610 609 608 607
f 611 612 613 614
f 607 608 612 611
f 608 609 613 612
f 609 610 614 613
f 610 607 611 614
f 618 617 616 615
f 619 620 621 622
f 615 616 620 619
f 616 617 621 620
f 617 618 622 621
f 618 615 619 622
f 626 625 624 623
f 627 628 629 630
f 623 624 628 627
f 624 625 629 628
f 625 626 630 629
f 626 623 627 630
f 634 633 632 631
f 635 636 637 638
f 631 632 636 635
f 632 633 637 636
f 633 634 638 637
f 634 631 635 638
f 642 641 640 639
f 643 644 645 646
f 639 640 644 643
f 640 641 645 644
f 641 642 646 645
f 642 639 643 646
f 650 649 648 647
f 651 652 653 654
f 647 648 652 651
f 648 649 653 652
f 649 650 654 653
f 650 647 651 654
f 658 657 656 655
f 659 660 661 662
f 655 656 660 659
f 656 657 661 660
f 657 658 662 661
f 658 655 659 662
f 666 665 664 663
f 667 668 669 670
f 663 664 668 667
f 664 665 669 668
f 665 666 670 669
f 666 663 667 670
f 680 679 678 677 676 675 674 673 672 671
f 681 682 683 684 685 686 687 688 689 690
f 671 672 682 681
f 672 673 683 682
f 673 674 684 683
f 674 675 685 684
f 675 676 686 685
f 676 677 687 686
f 677 678 688 687
f 678 679 689 688
f 679 680 690 689
f 680 671 681 690
f 715 714 713 712 711 710 709 708 707 706 705 704 703 702 701 700 699 698 697 696 695 694 693 692 691
f 716 717 718 719 720 721 722 723 724 725 726 727 728 729 730 731 732 733 734 735 736 737 738 739 740
f 691 692 717 716
f 692 693 718 717
f 693 694 719 718
f 694 695 720 719
f 695 696 721 720
f 696 697 722 721
f 697 698 723 722
f 698 699 724 723
f 699 700 725 724
f 700 701 726 725
f 701 702 727 726
f 702 703 728 727
f 703 704 729 728
f 704 705 730 729
f 705 706 731 730
f 706 707 732 731
f 707 708 733 732
f 708 709 734 733
f 709 710 735 734
f 710 711 736 735
f 711 712 737 736
f 712 713 738 737
f 713 714 739 738
f 714 715 740 739
f 715 691 716 740
f 754 753 752 751 750 749 748 747 746 745 744 743 742 741
f 755 756 757 758 759 760 761 762 763 764 765 766 767 768
f 741 742 756 755
f 742 743 757 756
f 743 744 758 757
f 744 745 759 758
f 745 746 760 759
f 746 747 761 760
f 747 748 762 761
f 748 749 763 762
f 749 750 764 763
f 750 751 765 764
f 751 752 766 765
f 752 753 767 766
f 753 754 768 767
f 754 741 755 768
f 797 796 795 794 793 792 791 790 789 788 787 786 785 784 783 782 781 780 779 778 777 776 775 774 773 772 771 770 769
f 798 799 800 801 802 803 804 805 806 807 808 809 810 811 812 813 814 815 816 817 818 819 820 821 822 823 824 825 826
f 769 770 799 798
f 770 771 800 799
f 771 772 801 800
f 772 773 802 801
f 773 774 803 802
f 774 775 804 803
f 775 776 805 804
f 776 777 806 805
f 777 778 807 806
f 778 779 808 807
f 779 780 809 808
f 780 781 810 809
f 781 782 811 810
f 782 783 812 811
f 783 784 813 812
f 784 785 814 813
f 785 786 815 814
f 786 787 816 815
f 787 788 817 816
f 788 789 818 817
f 789 790 819 818
f 790 791 820 819
f 791 792 821 820
f 792 793 822 821
f 793 794 823 822
f 794 795 824 823
f 795 796 825 824
f 796 797 826 825
f 797 769 798 826
f 858 857 856 855 854 853 852 851 850 849 848 847 846 845 844 843 842 841 840 839 838 837 836 835 834 833 832 831 830 829 828 827
f 859 860 861 862 863 864 865 866 867 868 869 870 871 872 873 874 875 876 877 878 879 880 881 882 883 884 885 886 887 888 889 890
f 827 828 860 859
f 828 829 861 860
f 829 830 862 861
f 830 831 863 862
f 831 832 864 863
f 832 833 865 864
f 833 834 866 865
f 834 835 867 866
f 835 836 868 867
f 836 837 869 868
f 837 838 870 869
f 838 839 871 870
f 839 840 872 871
f 840 841 873 872
f 841 842 874 873
f 842 843 875 874
f 843 844 876 875
f 844 845 877 876
f 845 846 878 877
f 846 847 879 878
f 847 848 880 879
f 848 849 881 880
f 849 850 882 881
f 850 851 883 882
f 851 852 884 883
f 852 853 885 884
f 853 854 886 885
f 854 855 887 886
f 855 856 888 887
f 856 857 889 888
f 857 858 890 889
f 858 827 859 890
f 920 919 918 917 916 915 914 913 912 911 910 909 908 907 906 905 904 903 902 901 900 899 898 897 896 895 894 893 892 891
f 921 922 923 924 925 926 927 928 929 930 931 932 933 934 935 936 937 938 939 940 941 942 943 944 945 946 947 948 949 950
f 891 892 922 921
f 892 893 923 922
f 893 894 924 923
f 894 895 925 924
f 895 896 926 925
f 896 897 927 926
f 897 898 928 927
f 898 899 929 928
f 899 900 930 929
f 900 901 931 930
f 901 902 932 931
f 902 903 933 932
f 903 904 934 933
f 904 905 935 934
f 905 906 936 935
f 906 907 937 936
f 907 908 938 937
f 908 909 939 938
f 909 910 940 939
f 910 911 941 940
f 911 912 942 941
f 912 913 943 942
f 913 914 944 943
f 914 915 945 944
f 915 916 946 945
f 916 917 947 946
f 917 918 948 947
f 918 919 949 948
f 919 920 950 949
f 920 891 921 950
f 982 981 980 979 978 977 976 975 974 973 972 971 970 969 968 967 966 965 964 963 962 961 960 959 958 957 956 955 954 953 952 951
f 983 984 985 986 987 988 989 990 991 992 993 994 995 996 997 998 999 1000 1001 1002 1003 1004 1005 1006 1007 1008 1009 1010 1011 1012 1013 1014
f 951 952 984 983
f 952 953 985 984
f 953 954 986 985
f 954 955 987 986
f 955 956 988 987
f 956 957 989 988
f 957 958 990 989
f 958 959 991 990
f 959 960 992 991
f 960 961 993 992
f 961 962 994 993
f 962 963 995 994
f 963 964 996 995
f 964 965 997 996
f 965 966 998 997
f 966 967 999 998
f 967 968 1000 999
f 968 969 1001 1000
f 969 970 1002 1001
f 970 971 1003 1002
f 971 972 1004 1003
f 972 973 1005 1004
f 973 974 1006 1005
f 974 975 1007 1006
f 975 976 1008 1007
f 976 977 1009 1008
f 977 978 1010 1009
f 978 979 1011 1010
f 979 980 1012 1011
f 980 981 1013 1012
f 981 982 1014 1013
f 982 951 983 1014
f 1031 1030 1029 1028 1027 1026 1025 1024 1023 1022 1021 1020 1019 1018 1017 1016 1015
f 1032 1033 1034 1035 1036 1037 1038 1039 1040 1041 1042 1043 1044 1045 1046 1047 1048
f 1015 1016 1033 1032
f 1016 1017 1034 1033
f 1017 1018 1035 1034
f 1018 1019 1036 1035
f 1019 1020 1037 1036
f 1020 1021 1038 1037
f 1021 1022 1039 1038
f 1022 1023 1040 1039
f 1023 1024 1041 1040
f 1024 1025 1042 1041
f 1025 1026 1043 1042
f 1026 1027 1044 1043
f 1027 1028 1045 1044
f 1028 1029 1046 1045
f 1029 1030 1047 1046
f 1030 1031 1048 1047
f 1031 1015 1032 1048
f 1081 1080 1079 1078 1077 1076 1075 1074 1073 1072 1071 1070 1069 1068 1067 1066 1065 1064 1063 1062 1061 1060 1059 1058 1057 1056 1055 1054 1053 1052 1051 1050 1049
f 1082 1083 1084 1085 1086 1087 1088 1089 1090 1091 1092 1093 1094 1095 1096 1097 1098 1099 1100 1101 1102 1103 1104 1105 1106 1107 1108 1109 1110 1111 1112 1113 1114
f 1049 1050 1083 1082
f 1050 1051 1084 1083
f 1051 1052 1085 1084
f 1052 1053 1086 1085
f 1053 1054 1087 1086
f 1054 1055 1088 1087
f 1055 1056 1089 1088
f 1056 1057 1090 1089
f 1057 1058 1091 1090
f 1058 1059 1092 1091
f 1059 1060 1093 1092
f 1060 1061 1094 1093
f 1061 1062 1095 1094
f 1062 1063 1096 1095
f 1063 1064 1097 1096
f 1064 1065 1098 1097
f 1065 1066 1099 1098
f 1066 1067 1100 1099
f 1067 1068 1101 1100
f 1068 1069 1102 1101
f 1069 1070 1103 1102
f 1070 1071 1104 1103
f 1071 1072 1105 1104
f 1072 1073 1106 1105
f 1073 1074 1107 1106
f 1074 1075 1108 1107
f 1075 1076 1109 1108
f 1076 1077 1110 1109
f 1077 1078 1111 1110
f 1078 1079 1112 1111
f 1079 1080 1113 1112
f 1080 1081 1114 1113
f 1081 1049 1082 1114
f 1118 1117 1116 1115
f 1119 1120 1121 1122
f 1115 1116 1120 1119
f 1116 1117 1121 1120
f 1117 1118 1122 1121
f 1118 1115 1119 1122
f 1143 1142 1141 1140 1139 1138 1137 1136 1135 1134 1133 1132 1131 1130 1129 1128 1127 1126 1125 1124 1123
f 1144 1145 1146 1147 1148 1149 1150 1151 1152 1153 1154 1155 1156 1157 1158 1159 1160 1161 1162 1163 1164
f 1123 1124 1145 1144
f 1124 1125 1146 1145
f 1125 1126 1147 1146
f 1126 1127 1148 1147
f 1127 1128 1149 1148
f 1128 1129 1150 1149
f 1129 1130 1151 1150
f 1130 1131 1152 1151
f 1131 1132 1153 1152
f 1132 1133 1154 1153
f 1133 1134 1155 1154
f 1134 1135 1156 1155
f 1135 1136 1157 1156
f 1136 1137 1158 1157
f 1137 1138 1159 1158
f 1138 1139 1160 1159
f 1139 1140 1161 1160
f 1140 1141 1162 1161
f 1141 1142 1163 1162
f 1142 1143 1164 1163
f 1143 1123 1144 1164
f 1172 1171 1170 1169 1168 1167 1166 1165
f 1173 1174 1175 1176 1177 1178 1179 1180
f 1165 1166 1174 1173
f 1166 1167 1175 1174
f 1167 1168 1176 1175
f 1168 1169 1177 1176
f 1169 1170 1178 1177
f 1170 1171 1179 1178
f 1171 1172 1180 1179
f 1172 1165 1173 1180
f 1186 1185 1184 1183 1182 1181
f 1187 1188 1189 1190 1191 1192
f 1181 1182 1188 1187
f 1182 1183 1189 1188
f 1183 1184 1190 1189
f 1184 1185 1191 1190
f 1185 1186 1192 1191
f 1186 1181 1187 1192
f 1206 1205 1204 1203 1202 1201 1200 1199 1198 1197 1196 1195 1194 1193
f 1207 1208 1209 1210 1211 1212 1213 1214 1215 1216 1217 1218 1219 1220
f 1193 1194 1208 1207
f 1194 1195 1209 1208
f 1195 1196 1210 1209
f 1196 1197 1211 1210
f 1197 1198 1212 1211
f 1198 1199 1213 1212
f 1199 1200 1214 1213
f 1200 1201 1215 1214
f 1201 1202 1216 1215
f 1202 1203 1217 1216
f 1203 1204 1218 1217
f 1204 1205 1219 1218
f 1205 1206 1220 1219
f 1206 1193 1207 1220
f 1224 1223 1222 1221
f 1225 1226 1227 1228
f 1221 1222 1226 1225
f 1222 1223 1227 1226
f 1223 1224 1228 1227
f 1224 1221 1225 1228
f 1244 1243 1242 1241 1240 1239 1238 1237 1236 1235 1234 1233 1232 1231 1230 1229
f 1245 1246 1247 1248 1249 1250 1251 1252 1253 1254 1255 1256 1257 1258 1259 1260
f 1229 1230 1246 1245
f 1230 1231 1247 1246
f 1231 1232 1248 1247
f 1232 1233 1249 1248
f 1233 1234 1250 1249
f 1234 1235 1251 1250
f 1235 1236 1252 1251
f 1236 1237 1253 1252
f 1237 1238 1254 1253
f 1238 1239 1255 1254
f 1239 1240 1256 1255
f 1240 1241 1257 1256
f 1241 1242 1258 1257
f 1242 1243 1259 1258
f 1243 1244 1260 1259
f 1244 1229 1245 1260
f 1264 1263 1262 1261
f 1265 1266 1267 1268
f 1261 1262 1266 1265
f 1262 1263 1267 1266
f 1263 1264 1268 1267
f 1264 1261 1265 1268
f 1286 1285 1284 1283 1282 1281 1280 1279 1278 1277 1276 1275 1274 1273 1272 1271 1270 1269
f 1287 1288 1289 1290 1291 1292 1293 1294 1295 1296 1297 1298 1299 1300 1301 1302 1303 1304
f 1269 1270 1288 1287
f 1270 1271 1289 1288
f 1271 1272 1290 1289
f 1272 1273 1291 1290
f 1273 1274 1292 1291
f 1274 1275 1293 1292
f 1275 1276 1294 1293
f 1276 1277 1295 1294
f 1277 1278 1296 1295
f 1278 1279 1297 1296
f 1279 1280 1298 1297
f 1280 1281 1299 1298
f 1281 1282 1300 1299
f 1282 1283 1301 1300
f 1283 1284 1302 1301
f 1284 1285 1303 1302
f 1285 1286 1304 1303
f 1286 1269 1287 1304
f 1308 1307 1306 1305
f 1309 1310 1311 1312
f 1305 1306 1310 1309
f 1306 1307 1311 1310
f 1307 1308 1312 1311
f 1308 1305 1309 1312
f 1316 1315 1314 1313
f 1317 1318 1319 1320
f 1313 1314 1318 1317
f 1314 1315 1319 1318
f 1315 1316 1320 1319
f 1316 1313 1317 1320
f 1324 1323 1322 1321
f 1325 1326 1327 1328
f 1321 1322 1326 1325
f 1322 1323 1327 1326
f 1323 1324 1328 1327
f 1324 1321 1325 1328
f 1332 1331 1330 1329
f 1333 1334 1335 1336
f 1329 1330 1334 1333
f 1330 1331 1335 1334
f 1331 1332 1336 1335
f 1332 1329 1333 1336
f 1340 1339 1338 1337
f 1341 1342 1343 1344
f 1337 1338 1342 1341
f 1338 1339 1343 1342
f 1339 1340 1344 1343
f 1340 1337 1341 1344
f 1350 1349 1348 1347 1346 1345
f 1351 1352 1353 1354 1355 1356
f 1345 1346 1352 1351
f 1346 1347 1353 1352
f 1347 1348 1354 1353
f 1348 1349 1355 1354
f 1349 1350 1356 1355
f 1350 1345 1351 1356
f 1360 1359 1358 1357
f 1361 1362 1363 1364
f 1357 1358 1362 1361
f 1358 1359 1363 1362
f 1359 1360 1364 1363
f 1360 1357 1361 1364
f 1368 1367 1366 1365
f 1369 1370 1371 1372
f 1365 1366 1370 1369
f 1366 1367 1371 1370
f 1367 1368 1372 1371
f 1368 1365 1369 1372
f 1376 1375 1374 1373
f 1377 1378 1379 1380
f 1373 1374 1378 1377
f 1374 1375 1379 1378
f 1375 1376 1380 1379
f 1376 1373 1377 1380
f 1391 1390 1389 1388 1387 1386 1385 1384 1383 1382 1381
f 1392 1393 1394 1395 1396 1397 1398 1399 1400 1401 1402
f 1381 1382 1393 1392
f 1382 1383 1394 1393
f 1383 1384 1395 1394
f 1384 1385 1396 1395
f 1385 1386 1397 1396
f 1386 1387 1398 1397
f 1387 1388 1399 1398
f 1388 1389 1400 1399
f 1389 1390 1401 1400
f 1390 1391 1402 1401
f 1391 1381 1392 1402
f 1410 1409 1408 1407 1406 1405 1404 1403
f 1411 1412 1413 1414 1415 1416 1417 1418
f 1403 1404 1412 1411
f 1404 1405 1413 1412
f 1405 1406 1414 1413
f 1406 1407 1415 1414
f 1407 1408 1416 1415
f 1408 1409 1417 1416
f 1409 1410 1418 1417
f 1410 1403 1411 1418
f 1426 1425 1424 1423 1422 1421 1420 1419
f 1427 1428 1429 1430 1431 1432 1433 1434
f 1419 1420 1428 1427
f 1420 1421 1429 1428
f 1421 1422 1430 1429
f 1422 1423 1431 1430
f 1423 1424 1432 1431
f 1424 1425 1433 1432
f 1425 1426 1434 1433
f 1426 1419 1427 1434
f 1452 1451 1450 1449 1448 1447 1446 1445 1444 1443 1442 1441 1440 1439 1438 1437 1436 1435
f 1453 1454 1455 1456 1457 1458 1459 1460 1461 1462 1463 1464 1465 1466 1467 1468 1469 1470
f 1435 1436 1454 1453
f 1436 1437 1455 1454
f 1437 1438 1456 1455
f 1438 1439 1457 1456
f 1439 1440 1458 1457
f 1440 1441 1459 1458
f 1441 1442 1460 1459
f 1442 1443 1461 1460
f 1443 1444 1462 1461
f 1444 1445 1463 1462
f 1445 1446 1464 1463
f 1446 1447 1465 1464
f 1447 1448 1466 1465
f 1448 1449 1467 1466
f 1449 1450 1468 1467
f 1450 1451 1469 1468
f 1451 1452 1470 1469
f 1452 1435 1453 1470
f 1474 1473 1472 1471
f 1475 1476 1477 1478
f 1471 1472 1476 1475
f 1472 1473 1477 1476
f 1473 1474 1478 1477
f 1474 1471 1475 1478
f 1482 1481 1480 1479
f 1483 1484 1485 1486
f 1479 1480 1484 1483
f 1480 1481 1485 1484
f 1481 1482 1486 1485
f 1482 1479 1483 1486
f 1546 1545 1544 1543 1542 1541 1540 1539 1538 1537 1536 1535 1534 1533 1532 1531 1530 1529 1528 1527 1526 1525 1524 1523 1522 1521 1520 1519 1518 1517 1516 1515 1514 1513 1512 1511 1510 1509 1508 1507 1506 1505 1504 1503 1502 1501 1500 1499 1498 1497 1496 1495 1494 1493 1492 1491 1490 1489 1488 1487
f 1547 1548 1549 1550 1551 1552 1553 1554 1555 1556 1557 1558 1559 1560 1561 1562 1563 1564 1565 1566 1567 1568 1569 1570 1571 1572 1573 1574 1575 1576 1577 1578 1579 1580 1581 1582 1583 1584 1585 1586 1587 1588 1589 1590 1591 1592 1593 1594 1595 1596 1597 1598 1599 1600 1601 1602 1603 1604 1605 1606
f 1487 1488 1548 1547
f 1488 1489 1549 1548
f 1489 1490 1550 1549
f 1490 1491 1551 1550
f 1491 1492 1552 1551
f 1492 1493 1553 1552
f 1493 1494 1554 1553
f 1494 1495 1555 1554
f 1495 1496 1556 1555
f 1496 1497 1557 1556
f 1497 1498 1558 1557
f 1498 1499 1559 1558
f 1499 1500 1560 1559
f 1500 1501 1561 1560
f 1501 1502 1562 1561
f 1502 1503 1563 1562
f 1503 1504 1564 1563
f 1504 1505 1565 1564
f 1505 1506 1566 1565
f 1506 1507 1567 1566
f 1507 1508 1568 1567
f 1508 1509 1569 1568
f 1509 1510 1570 1569
f 1510 1511 1571 1570
f 1511 1512 1572 1571
f 1512 1513 1573 1572
f 1513 1514 1574 1573
f 1514 1515 1575 1574
f 1515 1516 1576 1575
f 1516 1517 1577 1576
f 1517 1518 1578 1577
f 1518 1519 1579 1578
f 1519 1520 1580 1579
f 1520 1521 1581 1580
f 1521 1522 1582 1581
f 1522 1523 1583 1582
f 1523 1524 1584 1583
f 1524 1525 1585 1584
f 1525 1526 1586 1585
f 1526 1527 1587 1586
f 1527 1528 1588 1587
f 1528 1529 1589 1588
f 1529 1530 1590 1589
f 1530 1531 1591 1590
f 1531 1532 1592 1591
f 1532 1533 1593 1592
f 1533 1534 1594 1593
f 1534 1535 1595 1594
f 1535 1536 1596 1595
f 1536 1537 1597 1596
f 1537 1538 1598 1597
f 1538 1539 1599 1598
f 1539 1540 1600 1599
f 1540 1541 1601 1600
f 1541 1542 1602 1601
f 1542 1543 1603 1602
f 1543 1544 1604 1603
f 1544 1545 1605 1604
f 1545 1546 1606 1605
f 1546 1487 1547 1606
f 1638 1637 1636 1635 1634 1633 1632 1631 1630 1629 1628 1627 1626 1625 1624 1623 1622 1621 1620 1619 1618 1617 1616 1615 1614 1613 1612 1611 1610 1609 1608 1607
f 1639 1640 1641 1642 1643 1644 1645 1646 1647 1648 1649 1650 1651 1652 1653 1654 1655 1656 1657 1658 1659 1660 1661 1662 1663 1664 1665 1666 1667 1668 1669 1670
f 1607 1608 1640 1639
f 1608 1609 1641 1640
f 1609 1610 1642 1641
f 1610 1611 1643 1642
f 1611 1612 1644 1643
f 1612 1613 1645 1644
f 1613 1614 1646 1645
f 1614 1615 1647 1646
f 1615 1616 1648 1647
f 1616 1617 1649 1648
f 1617 1618 1650 1649
f 1618 1619 1651 1650
f 1619 1620 1652 1651
f 1620 1621 1653 1652
f 1621 1622 1654 1653
f 1622 1623 1655 1654
f 1623 1624 1656 1655
f 1624 1625 1657 1656
f 1625 1626 1658 1657
f 1626 1627 1659 1658
f 1627 1628 1660 1659
f 1628 1629 1661 1660
f 1629 1630 1662 1661
f 1630 1631 1663 1662
f 1631 1632 1664 1663
f 1632 1633 1665 1664
f 1633 1634 1666 1665
f 1634 1635 1667 1666
f 1635 1636 1668 1667
f 1636 1637 1669 1668
f 1637 1638 1670 1669
f 1638 1607 1639 1670
f 1680 1679 1678 1677 1676 1675 1674 1673 1672 1671
f 1681 1682 1683 1684 1685 1686 1687 1688 1689 1690
f 1671 1672 1682 1681
f 1672 1673 1683 1682
f 1673 1674 1684 1683
f 1674 1675 1685 1684
f 1675 1676 1686 1685
f 1676 1677 1687 1686
f 1677 1678 1688 1687
f 1678 1679 1689 1688
f 1679 1680 1690 1689
f 1680 1671 1681 1690
f 1702 1701 1700 1699 1698 1697 1696 1695 1694 1693 1692 1691
f 1703 1704 1705 1706 1707 1708 1709 1710 1711 1712 1713 1714
f 1691 1692 1704 1703
f 1692 1693 1705 1704
f 1693 1694 1706 1705
f 1694 1695 1707 1706
f 1695 1696 1708 1707
f 1696 1697 1709 1708
f 1697 1698 1710 1709
f 1698 1699 1711 1710
f 1699 1700 1712 1711
f 1700 1701 1713 1712
f 1701 1702 1714 1713
f 1702 1691 1703 1714
f 1719 1718 1717 1716 1715
f 1720 1721 1722 1723 1724
f 1715 1716 1721 1720
f 1716 1717 1722 1721
f 1717 1718 1723 1722
f 1718 1719 1724 1723
f 1719 1715 1720 1724
f 1730 1729 1728 1727 1726 1725
f 1731 1732 1733 1734 1735 1736
f 1725 1726 1732 1731
f 1726 1727 1733 1732
f 1727 1728 1734 1733
f 1728 1729 1735 1734
f 1729 1730 1736 1735
f 1730 1725 1731 1736
f 1752 1751 1750 1749 1748 1747 1746 1745 1744 1743 1742 1741 1740 1739 1738 1737
f 1753 1754 1755 1756 1757 1758 1759 1760 1761 1762 1763 1764 1765 1766 1767 1768
f 1737 1738 1754 1753
f 1738 1739 1755 1754
f 1739 1740 1756 1755
f 1740 1741 1757 1756
f 1741 1742 1758 1757
f 1742 1743 1759 1758
f 1743 1744 1760 1759
f 1744 1745 1761 1760
f 1745 1746 1762 1761
f 1746 1747 1763 1762
f 1747 1748 1764 1763
f 1748 1749 1765 1764
f 1749 1750 1766 1765
f 1750 1751 1767 1766
f 1751 1752 1768 1767
f 1752 1737 1753 1768
f 1784 1783 1782 1781 1780 1779 1778 1777 1776 1775 1774 1773 1772 1771 1770 1769
f 1785 1786 1787 1788 1789 1790 1791 1792 1793 1794 1795 1796 1797 1798 1799 1800
f 1769 1770 1786 1785
f 1770 1771 1787 1786
f 1771 1772 1788 1787
f 1772 1773 1789 1788
f 1773 1774 1790 1789
f 1774 1775 1791 1790
f 1775 1776 1792 1791
f 1776 1777 1793 1792
f 1777 1778 1794 1793
f 1778 1779 1795 1794
f 1779 1780 1796 1795
f 1780 1781 1797 1796
f 1781 1782 1798 1797
f 1782 1783 1799 1798
f 1783 1784 1800 1799
f 1784 1769 1785 1800
f 1815 1814 1813 1812 1811 1810 1809 1808 1807 1806 1805 1804 1803 1802 1801
f 1816 1817 1818 1819 1820 1821 1822 1823 1824 1825 1826 1827 1828 1829 1830
f 1801 1802 1817 1816
f 1802 1803 1818 1817
f 1803 1804 1819 1818
f 1804 1805 1820 1819
f 1805 1806 1821 1820
f 1806 1807 1822 1821
f 1807 1808 1823 1822
f 1808 1809 1824 1823
f 1809 1810 1825 1824
f 1810 1811 1826 1825
f 1811 1812 1827 1826
f 1812 1813 1828 1827
f 1813 1814 1829 1828
f 1814 1815 1830 1829
f 1815 1801 1816 1830
f 1848 1847 1846 1845 1844 1843 1842 1841 1840 1839 1838 1837 1836 1835 1834 1833 1832 1831
f 1849 1850 1851 1852 1853 1854 1855 1856 1857 1858 1859 1860 1861 1862 1863 1864 1865 1866
f 1831 1832 1850 1849
f 1832 1833 1851 1850
f 1833 1834 1852 1851
f 1834 1835 1853 1852
f 1835 1836 1854 1853
f 1836 1837 1855 1854
f 1837 1838 1856 1855
f 1838 1839 1857 1856
f 1839 1840 1858 1857
f 1840 1841 1859 1858
f 1841 1842 1860 1859
f 1842 1843 1861 1860
f 1843 1844 1862 1861
f 1844 1845 1863 1862
f 1845 1846 1864 1863
f 1846 1847 1865 1864
f 1847 1848 1866 1865
f 1848 1831 1849 1866
f 1870 1869 1868 1867
f 1871 1872 1873 1874
f 1867 1868 1872 1871
f 1868 1869 1873 1872
f 1869 1870 1874 1873
f 1870 1867 1871 1874
f 1878 1877 1876 1875
f 1879 1880 1881 1882
f 1875 1876 1880 1879
f 1876 1877 1881 1880
f 1877 1878 1882 1881
f 1878 1875 1879 1882
f 1886 1885 1884 1883
f 1887 1888 1889 1890
f 1883 1884 1888 1887
f 1884 1885 1889 1888
f 1885 1886 1890 1889
f 1886 1883 1887 1890
f 1902 1901 1900 1899 1898 1897 1896 1895 1894 1893 1892 1891
f 1903 1904 1905 1906 1907 1908 1909 1910 1911 1912 1913 1914
f 1891 1892 1904 1903
f 1892 1893 1905 1904
f 1893 1894 1906 1905
f 1894 1895 1907 1906
f 1895 1896 1908 1907
f 1896 1897 1909 1908
f 1897 1898 1910 1909
f 1898 1899 1911 1910
f 1899 1900 1912 1911
f 1900 1901 1913 1912
f 1901 1902 1914 1913
f 1902 1891 1903 1914
f 1922 1921 1920 1919 1918 1917 1916 1915
f 1923 1924 1925 1926 1927 1928 1929 1930
f 1915 1916 1924 1923
f 1916 1917 1925 1924
f 1917 1918 1926 1925
f 1918 1919 1927 1926
f 1919 1920 1928 1927
f 1920 1921 1929 1928
f 1921 1922 1930 1929
f 1922 1915 1923 1930
f 1934 1933 1932 1931
f 1935 1936 1937 1938
f 1931 1932 1936 1935
f 1932 1933 1937 1936
f 1933 1934 1938 1937
f 1934 1931 1935 1938
f 1946 1945 1944 1943 1942 1941 1940 1939
f 1947 1948 1949 1950 1951 1952 1953 1954
f 1939 1940 1948 1947
f 1940 1941 1949 1948
f 1941 1942 1950 1949
f 1942 1943 1951 1950
f 1943 1944 1952 1951
f 1944 1945 1953 1952
f 1945 1946 1954 1953
f 1946 1939 1947 1954
f 1958 1957 1956 1955
f 1959 1960 1961 1962
f 1955 1956 1960 1959
f 1956 1957 1961 1960
f 1957 1958 1962 1961
f 1958 1955 1959 1962
f 1969 1968 1967 1966 1965 1964 1963
f 1970 1971 1972 1973 1974 1975 1976
f 1963 1964 1971 1970
f 1964 1965 1972 1971
f 1965 1966 1973 1972
f 1966 1967 1974 1973
f 1967 1968 1975 1974
f 1968 1969 1976 1975
f 1969 1963 1970 1976
f 1980 1979 1978 1977
f 1981 1982 1983 1984
f 1977 1978 1982 1981
f 1978 1979 1983 1982
f 1979 1980 1984 1983
f 1980 1977 1981 1984
f 1990 1989 1988 1987 1986 1985
f 1991 1992 1993 1994 1995 1996
f 1985 1986 1992 1991
f 1986 1987 1993 1992
f 1987 1988 1994 1993
f 1988 1989 1995 1994
f 1989 1990 1996 1995
f 1990 1985 1991 1996
f 2018 2017 2016 2015 2014 2013 2012 2011 2010 2009 2008 2007 2006 2005 2004 2003 2002 2001 2000 1999 1998 1997
f 2019 2020 2021 2022 2023 2024 2025 2026 2027 2028 2029 2030 2031 2032 2033 2034 2035 2036 2037 2038 2039 2040
f 1997 1998 2020 2019
f 1998 1999 2021 2020
f 1999 2000 2022 2021
f 2000 2001 2023 2022
f 2001 2002 2024 2023
f 2002 2003 2025 2024
f 2003 2004 2026 2025
f 2004 2005 2027 2026
f 2005 2006 2028 2027
f 2006 2007 2029 2028
f 2007 2008 2030 2029
f 2008 2009 2031 2030
f 2009 2010 2032 2031
f 2010 2011 2033 2032
f 2011 2012 2034 2033
f 2012 2013 2035 2034
f 2013 2014 2036 2035
f 2014 2015 2037 2036
f 2015 2016 2038 2037
f 2016 2017 2039 2038
f 2017 2018 2040 2039
f 2018 1997 2019 2040
f 2049 2048 2047 2046 2045 2044 2043 2042 2041
f 2050 2051 2052 2053 2054 2055 2056 2057 2058
f 2041 2042 2051 2050
f 2042 2043 2052 2051
f 2043 2044 2053 2052
f 2044 2045 2054 2053
f 2045 2046 2055 2054
f 2046 2047 2056 2055
f 2047 2048 2057 2056
f 2048 2049 2058 2057
f 2049 2041 2050 2058
f 2062 2061 2060 2059
f 2063 2064 2065 2066
f 2059 2060 2064 2063
f 2060 2061 2065 2064
f 2061 2062 2066 2065
f 2062 2059 2063 2066
f 2070 2069 2068 2067
f 2071 2072 2073 2074
f 2067 2068 2072 2071
f 2068 2069 2073 2072
f 2069 2070 2074 2073
f 2070 2067 2071 2074
f 2078 2077 2076 2075
f 2079 2080 2081 2082
f 2075 2076 2080 2079
f 2076 2077 2081 2080
f 2077 2078 2082 2081
f 2078 2075 2079 2082
f 2086 2085 2084 2083
f 2087 2088 2089 2090
f 2083 2084 2088 2087
f 2084 2085 2089 2088
f 2085 2086 2090 2089
f 2086 2083 2087 2090
f 2098 2097 2096 2095 2094 2093 2092 2091
f 2099 2100 2101 2102 2103 2104 2105 2106
f 2091 2092 2100 2099
f 2092 2093 2101 2100
f 2093 2094 2102 2101
f 2094 2095 2103 2102
f 2095 2096 2104 2103
f 2096 2097 2105 2104
f 2097 2098 2106 2105
f 2098 2091 2099 2106
f 2112 2111 2110 2109 2108 2107
f 2113 2114 2115 2116 2117 2118
f 2107 2108 2114 2113
f 2108 2109 2115 2114
f 2109 2110 2116 2115
f 2110 2111 2117 2116
f 2111 2112 2118 2117
f 2112 2107 2113 2118
f 2134 2133 2132 2131 2130 2129 2128 2127 2126 2125 2124 2123 2122 2121 2120 2119
f 2135 2136 2137 2138 2139 2140 2141 2142 2143 2144 2145 2146 2147 2148 2149 2150
f 2119 2120 2136 2135
f 2120 2121 2137 2136
f 2121 2122 2138 2137
f 2122 2123 2139 2138
f 2123 2124 2140 2139
f 2124 2125 2141 2140
f 2125 2126 2142 2141
f 2126 2127 2143 2142
f 2127 2128 2144 2143
f 2128 2129 2145 2144
f 2129 2130 2146 2145
f 2130 2131 2147 2146
f 2131 2132 2148 2147
f 2132 2133 2149 2148
f 2133 2134 2150 2149
f 2134 2119 2135 2150
f 2164 2163 2162 2161 2160 2159 2158 2157 2156 2155 2154 2153 2152 2151
f 2165 2166 2167 2168 2169 2170 2171 2172 2173 2174 2175 2176 2177 2178
f 2151 2152 2166 2165
f 2152 2153 2167 2166
f 2153 2154 2168 2167
f 2154 2155 2169 2168
f 2155 2156 2170 2169
f 2156 2157 2171 2170
f 2157 2158 2172 2171
f 2158 2159 2173 2172
f 2159 2160 2174 2173
f 2160 2161 2175 2174
f 2161 2162 2176 2175
f 2162 2163 2177 2176
f 2163 2164 2178 2177
f 2164 2151 2165 2178
f 2188 2187 2186 2185 2184 2183 2182 2181 2180 2179
f 2189 2190 2191 2192 2193 2194 2195 2196 2197 2198
f 2179 2180 2190 2189
f 2180 2181 2191 2190
f 2181 2182 2192 2191
f 2182 2183 2193 2192
f 2183 2184 2194 2193
f 2184 2185 2195 2194
f 2185 2186 2196 2195
f 2186 2187 2197 2196
f 2187 2188 2198 2197
f 2188 2179 2189 2198
f 2208 2207 2206 2205 2204 2203 2202 2201 2200 2199
f 2209 2210 2211 2212 2213 2214 2215 2216 2217 2218
f 2199 2200 2210 2209
f 2200 2201 2211 2210
f 2201 2202 2212 2211
f 2202 2203 2213 2212
f 2203 2204 2214 2213
f 2204 2205 2215 2214
f 2205 2206 2216 2215
f 2206 2207 2217 2216
f 2207 2208 2218 2217
f 2208 2199 2209 2218
f 2227 2226 2225 2224 2223 2222 2221 2220 2219
f 2228 2229 2230 2231 2232 2233 2234 2235 2236
f 2219 2220 2229 2228
f 2220 2221 2230 2229
f 2221 2222 2231 2230
f 2222 2223 2232 2231
f 2223 2224 2233 2232
f 2224 2225 2234 2233
f 2225 2226 2235 2234
f 2226 2227 2236 2235
f 2227 2219 2228 2236
f 2246 2245 2244 2243 2242 2241 2240 2239 2238 2237
f 2247 2248 2249 2250 2251 2252 2253 2254 2255 2256
f 2237 2238 2248 2247
f 2238 2239 2249 2248
f 2239 2240 2250 2249
f 2240 2241 2251 2250
f 2241 2242 2252 2251
f 2242 2243 2253 2252
f 2243 2244 2254 2253
f 2244 2245 2255 2254
f 2245 2246 2256 2255
f 2246 2237 2247 2256
f 2266 2265 2264 2263 2262 2261 2260 2259 2258 2257
f 2267 2268 2269 2270 2271 2272 2273 2274 2275 2276
f 2257 2258 2268 2267
f 2258 2259 2269 2268
f 2259 2260 2270 2269
f 2260 2261 2271 2270
f 2261 2262 2272 2271
f 2262 2263 2273 2272
f 2263 2264 2274 2273
f 2264 2265 2275 2274
f 2265 2266 2276 2275
f 2266 2257 2267 2276
f 2285 2284 2283 2282 2281 2280 2279 2278 2277
f 2286 2287 2288 2289 2290 2291 2292 2293 2294
f 2277 2278 2287 2286
f 2278 2279 2288 2287
f 2279 2280 2289 2288
f 2280 2281 2290 2289
f 2281 2282 2291 2290
f 2282 2283 2292 2291
f 2283 2284 2293 2292
f 2284 2285 2294 2293
f 2285 2277 2286 2294
f 2298 2297 2296 2295
f 2299 2300 2301 2302
f 2295 2296 2300 2299
f 2296 2297 2301 2300
f 2297 2298 2302 2301
f 2298 2295 2299 2302
f 2306 2305 2304 2303
f 2307 2308 2309 2310
f 2303 2304 2308 2307
f 2304 2305 2309 2308
f 2305 2306 2310 2309
f 2306 2303 2307 2310
f 2324 2323 2322 2321 2320 2319 2318 2317 2316 2315 2314 2313 2312 2311
f 2325 2326 2327 2328 2329 2330 2331 2332 2333 2334 2335 2336 2337 2338
f 2311 2312 2326 2325
f 2312 2313 2327 2326
f 2313 2314 2328 2327
f 2314 2315 2329 2328
f 2315 2316 2330 2329
f 2316 2317 2331 2330
f 2317 2318 2332 2331
f 2318 2319 2333 2332
f 2319 2320 2334 2333
f 2320 2321 2335 2334
f 2321 2322 2336 2335
f 2322 2323 2337 2336
f 2323 2324 2338 2337
f 2324 2311 2325 2338
f 2352 2351 2350 2349 2348 2347 2346 2345 2344 2343 2342 2341 2340 2339
f 2353 2354 2355 2356 2357 2358 2359 2360 2361 2362 2363 2364 2365 2366
f 2339 2340 2354 2353
f 2340 2341 2355 2354
f 2341 2342 2356 2355
f 2342 2343 2357 2356
f 2343 2344 2358 2357
f 2344 2345 2359 2358
f 2345 2346 2360 2359
f 2346 2347 2361 2360
f 2347 2348 2362 2361
f 2348 2349 2363 2362
f 2349 2350 2364 2363
f 2350 2351 2365 2364
f 2351 2352 2366 2365
f 2352 2339 2353 2366
f 2380 2379 2378 2377 2376 2375 2374 2373 2372 2371 2370 2369 2368 2367
f 2381 2382 2383 2384 2385 2386 2387 2388 2389 2390 2391 2392 2393 2394
f 2367 2368 2382 2381
f 2368 2369 2383 2382
f 2369 2370 2384 2383
f 2370 2371 2385 2384
f 2371 2372 2386 2385
f 2372 2373 2387 2386
f 2373 2374 2388 2387
f 2374 2375 2389 2388
f 2375 2376 2390 2389
f 2376 2377 2391 2390
f 2377 2378 2392 2391
f 2378 2379 2393 2392
f 2379 2380 2394 2393
f 2380 2367 2381 2394
f 2406 2405 2404 2403 2402 2401 2400 2399 2398 2397 2396 2395
f 2407 2408 2409 2410 2411 2412 2413 2414 2415 2416 2417 2418
f 2395 2396 2408 2407
f 2396 2397 2409 2408
f 2397 2398 2410 2409
f 2398 2399 2411 2410
f 2399 2400 2412 2411
f 2400 2401 2413 2412
f 2401 2402 2414 2413
f 2402 2403 2415 2414
f 2403 2404 2416 2415
f 2404 2405 2417 2416
f 2405 2406 2418 2417
f 2406 2395 2407 2418
f 2430 2429 2428 2427 2426 2425 2424 2423 2422 2421 2420 2419
f 2431 2432 2433 2434 2435 2436 2437 2438 2439 2440 2441 2442
f 2419 2420 2432 2431
f 2420 2421 2433 2432
f 2421 2422 2434 2433
f 2422 2423 2435 2434
f 2423 2424 2436 2435
f 2424 2425 2437 2436
f 2425 2426 2438 2437
f 2426 2427 2439 2438
f 2427 2428 2440 2439
f 2428 2429 2441 2440
f 2429 2430 2442 2441
f 2430 2419 2431 2442
f 2454 2453 2452 2451 2450 2449 2448 2447 2446 2445 2444 2443
f 2455 2456 2457 2458 2459 2460 2461 2462 2463 2464 2465 2466
f 2443 2444 2456 2455
f 2444 2445 2457 2456
f 2445 2446 2458 2457
f 2446 2447 2459 2458
f 2447 2448 2460 2459
f 2448 2449 2461 2460
f 2449 2450 2462 2461
f 2450 2451 2463 2462
f 2451 2452 2464 2463
f 2452 2453 2465 2464
f 2453 2454 2466 2465
f 2454 2443 2455 2466
f 2478 2477 2476 2475 2474 2473 2472 2471 2470 2469 2468 2467
f 2479 2480 2481 2482 2483 2484 2485 2486 2487 2488 2489 2490
f 2467 2468 2480 2479
f 2468 2469 2481 2480
f 2469 2470 2482 2481
f 2470 2471 2483 2482
f 2471 2472 2484 2483
f 2472 2473 2485 2484
f 2473 2474 2486 2485
f 2474 2475 2487 2486
f 2475 2476 2488 2487
f 2476 2477 2489 2488
f 2477 2478 2490 2489
f 2478 2467 2479 2490
f 2502 2501 2500 2499 2498 2497 2496 2495 2494 2493 2492 2491
f 2503 2504 2505 2506 2507 2508 2509 2510 2511 2512 2513 2514
f 2491 2492 2504 2503
f 2492 2493 2505 2504
f 2493 2494 2506 2505
f 2494 2495 2507 2506
f 2495 2496 2508 2507
f 2496 2497 2509 2508
f 2497 2498 2510 2509
f 2498 2499 2511 2510
f 2499 2500 2512 2511
f 2500 2501 2513 2512
f 2501 2502 2514 2513
f 2502 2491 2503 2514
f 2530 2529 2528 2527 2526 2525 2524 2523 2522 2521 2520 2519 2518 2517 2516 2515
f 2531 2532 2533 2534 2535 2536 2537 2538 2539 2540 2541 2542 2543 2544 2545 2546
f 2515 2516 2532 2531
f 2516 2517 2533 2532
f 2517 2518 2534 2533
f 2518 2519 2535 2534
f 2519 2520 2536 2535
f 2520 2521 2537 2536
f 2521 2522 2538 2537
f 2522 2523 2539 2538
f 2523 2524 2540 2539
f 2524 2525 2541 2540
f 2525 2526 2542 2541
f 2526 2527 2543 2542
f 2527 2528 2544 2543
f 2528 2529 2545 2544
f 2529 2530 2546 2545
f 2530 2515 2531 2546
f 2558 2557 2556 2555 2554 2553 2552 2551 2550 2549 2548 2547
f 2559 2560 2561 2562 2563 2564 2565 2566 2567 2568 2569 2570
f 2547 2548 2560 2559
f 2548 2549 2561 2560
f 2549 2550 2562 2561
f 2550 2551 2563 2562
f 2551 2552 2564 2563
f 2552 2553 2565 2564
f 2553 2554 2566 2565
f 2554 2555 2567 2566
f 2555 2556 2568 2567
f 2556 2557 2569 2568
f 2557 2558 2570 2569
f 2558 2547 2559 2570
f 2580 2579 2578 2577 2576 2575 2574 2573 2572 2571
f 2581 2582 2583 2584 2585 2586 2587 2588 2589 2590
f 2571 2572 2582 2581
f 2572 2573 2583 2582
f 2573 2574 2584 2583
f 2574 2575 2585 2584
f 2575 2576 2586 2585
f 2576 2577 2587 2586
f 2577 2578 2588 2587
f 2578 2579 2589 2588
f 2579 2580 2590 2589
f 2580 2571 2581 2590
f 2600 2599 2598 2597 2596 2595 2594 2593 2592 2591
f 2601 2602 2603 2604 2605 2606 2607 2608 2609 2610
f 2591 2592 2602 2601
f 2592 2593 2603 2602
f 2593 2594 2604 2603
f 2594 2595 2605 2604
f 2595 2596 2606 2605
f 2596 2597 2607 2606
f 2597 2598 2608 2607
f 2598 2599 2609 2608
f 2599 2600 2610 2609
f 2600 2591 2601 2610
f 2624 2623 2622 2621 2620 2619 2618 2617 2616 2615 2614 2613 2612 2611
f 2625 2626 2627 2628 2629 2630 2631 2632 2633 2634 2635 2636 2637 2638
f 2611 2612 2626 2625
f 2612 2613 2627 2626
f 2613 2614 2628 2627
f 2614 2615 2629 2628
f 2615 2616 2630 2629
f 2616 2617 2631 2630
f 2617 2618 2632 2631
f 2618 2619 2633 2632
f 2619 2620 2634 2633
f 2620 2621 2635 2634
f 2621 2622 2636 2635
f 2622 2623 2637 2636
f 2623 2624 2638 2637
f 2624 2611 2625 2638
f 2650 2649 2648 2647 2646 2645 2644 2643 2642 2641 2640 2639
f 2651 2652 2653 2654 2655 2656 2657 2658 2659 2660 2661 2662
f 2639 2640 2652 2651
f 2640 2641 2653 2652
f 2641 2642 2654 2653
f 2642 2643 2655 2654
f 2643 2644 2656 2655
f 2644 2645 2657 2656
f 2645 2646 2658 2657
f 2646 2647 2659 2658
f 2647 2648 2660 2659
f 2648 2649 2661 2660
f 2649 2650 2662 2661
f 2650 2639 2651 2662
f 2674 2673 2672 2671 2670 2669 2668 2667 2666 2665 2664 2663
f 2675 2676 2677 2678 2679 2680 2681 2682 2683 2684 2685 2686
f 2663 2664 2676 2675
f 2664 2665 2677 2676
f 2665 2666 2678 2677
f 2666 2667 2679 2678
f 2667 2668 2680 2679
f 2668 2669 2681 2680
f 2669 2670 2682 2681
f 2670 2671 2683 2682
f 2671 2672 2684 2683
f 2672 2673 2685 2684
f 2673 2674 2686 2685
f 2674 2663 2675 2686
f 2698 2697 2696 2695 2694 2693 2692 2691 2690 2689 2688 2687
f 2699 2700 2701 2702 2703 2704 2705 2706 2707 2708 2709 2710
f 2687 2688 2700 2699
f 2688 2689 2701 2700
f 2689 2690 2702 2701
f 2690 2691 2703 2702
f 2691 2692 2704 2703
f 2692 2693 2705 2704
f 2693 2694 2706 2705
f 2694 2695 2707 2706
f 2695 2696 2708 2707
f 2696 2697 2709 2708
f 2697 2698 2710 2709
f 2698 2687 2699 2710
f 2720 2719 2718 2717 2716 2715 2714 2713 2712 2711
f 2721 2722 2723 2724 2725 2726 2727 2728 2729 2730
f 2711 2712 2722 2721
f 2712 2713 2723 2722
f 2713 2714 2724 2723
f 2714 2715 2725 2724
f 2715 2716 2726 2725
f 2716 2717 2727 2726
f 2717 2718 2728 2727
f 2718 2719 2729 2728
f 2719 2720 2730 2729
f 2720 2711 2721 2730
f 2742 2741 2740 2739 2738 2737 2736 2735 2734 2733 2732 2731
f 2743 2744 2745 2746 2747 2748 2749 2750 2751 2752 2753 2754
f 2731 2732 2744 2743
f 2732 2733 2745 2744
f 2733 2734 2746 2745
f 2734 2735 2747 2746
f 2735 2736 2748 2747
f 2736 2737 2749 2748
f 2737 2738 2750 2749
f 2738 2739 2751 2750
f 2739 2740 2752 2751
f 2740 2741 2753 2752
f 2741 2742 2754 2753
f 2742 2731 2743 2754
f 2770 2769 2768 2767 2766 2765 2764 2763 2762 2761 2760 2759 2758 2757 2756 2755
f 2771 2772 2773 2774 2775 2776 2777 2778 2779 2780 2781 2782 2783 2784 2785 2786
f 2755 2756 2772 2771
f 2756 2757 2773 2772
f 2757 2758 2774 2773
f 2758 2759 2775 2774
f 2759 2760 2776 2775
f 2760 2761 2777 2776
f 2761 2762 2778 2777
f 2762 2763 2779 2778
f 2763 2764 2780 2779
f 2764 2765 2781 2780
f 2765 2766 2782 2781
f 2766 2767 2783 2782
f 2767 2768 2784 2783
f 2768 2769 2785 2784
f 2769 2770 2786 2785
f 2770 2755 2771 2786
f 2794 2793 2792 2791 2790 2789 2788 2787
f 2795 2796 2797 2798 2799 2800 2801 2802
f 2787 2788 2796 2795
f 2788 2789 2797 2796
f 2789 2790 2798 2797
f 2790 2791 2799 2798
f 2791 2792 2800 2799
f 2792 2793 2801 2800
f 2793 2794 2802 2801
f 2794 2787 2795 2802
f 2816 2815 2814 2813 2812 2811 2810 2809 2808 2807 2806 2805 2804 2803
f 2817 2818 2819 2820 2821 2822 2823 2824 2825 2826 2827 2828 2829 2830
f 2803 2804 2818 2817
f 2804 2805 2819 2818
f 2805 2806 2820 2819
f 2806 2807 2821 2820
f 2807 2808 2822 2821
f 2808 2809 2823 2822
f 2809 2810 2824 2823
f 2810 2811 2825 2824
f 2811 2812 2826 2825
f 2812 2813 2827 2826
f 2813 2814 2828 2827
f 2814 2815 2829 2828
f 2815 2816 2830 2829
f 2816 2803 2817 2830
f 2842 2841 2840 2839 2838 2837 2836 2835 2834 2833 2832 2831
f 2843 2844 2845 2846 2847 2848 2849 2850 2851 2852 2853 2854
f 2831 2832 2844 2843
f 2832 2833 2845 2844
f 2833 2834 2846 2845
f 2834 2835 2847 2846
f 2835 2836 2848 2847
f 2836 2837 2849 2848
f 2837 2838 2850 2849
f 2838 2839 2851 2850
f 2839 2840 2852 2851
f 2840 2841 2853 2852
f 2841 2842 2854 2853
f 2842 2831 2843 2854
f 2858 2857 2856 2855
f 2859 2860 2861 2862
f 2855 2856 2860 2859
f 2856 2857 2861 2860
f 2857 2858 2862 2861
f 2858 2855 2859 2862
f 2871 2870 2869 2868 2867 2866 2865 2864 2863
f 2872 2873 2874 2875 2876 2877 2878 2879 2880
f 2863 2864 2873 2872
f 2864 2865 2874 2873
f 2865 2866 2875 2874
f 2866 2867 2876 2875
f 2867 2868 2877 2876
f 2868 2869 2878 2877
f 2869 2870 2879 2878
f 2870 2871 2880 2879
f 2871 2863 2872 2880
f 2886 2885 2884 2883 2882 2881
f 2887 2888 2889 2890 2891 2892
f 2881 2882 2888 2887
f 2882 2883 2889 2888
f 2883 2884 2890 2889
f 2884 2885 2891 2890
f 2885 2886 2892 2891
f 2886 2881 2887 2892
f 2896 2895 2894 2893
f 2897 2898 2899 2900
f 2893 2894 2898 2897
f 2894 2895 2899 2898
f 2895 2896 2900 2899
f 2896 2893 2897 2900
f 2920 2919 2918 2917 2916 2915 2914 2913 2912 2911 2910 2909 2908 2907 2906 2905 2904 2903 2902 2901
f 2921 2922 2923 2924 2925 2926 2927 2928 2929 2930 2931 2932 2933 2934 2935 2936 2937 2938 2939 2940
f 2901 2902 2922 2921
f 2902 2903 2923 2922
f 2903 2904 2924 2923
f 2904 2905 2925 2924
f 2905 2906 2926 2925
f 2906 2907 2927 2926
f 2907 2908 2928 2927
f 2908 2909 2929 2928
f 2909 2910 2930 2929
f 2910 2911 2931 2930
f 2911 2912 2932 2931
f 2912 2913 2933 2932
f 2913 2914 2934 2933
f 2914 2915 2935 2934
f 2915 2916 2936 2935
f 2916 2917 2937 2936
f 2917 2918 2938 2937
f 2918 2919 2939 2938
f 2919 2920 2940 2939
f 2920 2901 2921 2940
f 2974 2973 2972 2971 2970 2969 2968 2967 2966 2965 2964 2963 2962 2961 2960 2959 2958 2957 2956 2955 2954 2953 2952 2951 2950 2949 2948 2947 2946 2945 2944 2943 2942 2941
f 2975 2976 2977 2978 2979 2980 2981 2982 2983 2984 2985 2986 2987 2988 2989 2990 2991 2992 2993 2994 2995 2996 2997 2998 2999 3000 3001 3002 3003 3004 3005 3006 3007 3008
f 2941 2942 2976 2975
f 2942 2943 2977 2976
f 2943 2944 2978 2977
f 2944 2945 2979 2978
f 2945 2946 2980 2979
f 2946 2947 2981 2980
f 2947 2948 2982 2981
f 2948 2949 2983 2982
f 2949 2950 2984 2983
f 2950 2951 2985 2984
f 2951 2952 2986 2985
f 2952 2953 2987 2986
f 2953 2954 2988 2987
f 2954 2955 2989 2988
f 2955 2956 2990 2989
f 2956 2957 2991 2990
f 2957 2958 2992 2991
f 2958 2959 2993 2992
f 2959 2960 2994 2993
f 2960 2961 2995 2994
f 2961 2962 2996 2995
f 2962 2963 2997 2996
f 2963 2964 2998 2997
f 2964 2965 2999 2998
f 2965 2966 3000 2999
f 2966 2967 3001 3000
f 2967 2968 3002 3001
f 2968 2969 3003 3002
f 2969 2970 3004 3003
f 2970 2971 3005 3004
f 2971 2972 3006 3005
f 2972 2973 3007 3006
f 2973 2974 3008 3007
f 2974 2941 2975 3008
f 3028 3027 3026 3025 3024 3023 3022 3021 3020 3019 3018 3017 3016 3015 3014 3013 3012 3011 3010 3009
f 3029 3030 3031 3032 3033 3034 3035 3036 3037 3038 3039 3040 3041 3042 3043 3044 3045 3046 3047 3048
f 3009 3010 3030 3029
f 3010 3011 3031 3030
f 3011 3012 3032 3031
f 3012 3013 3033 3032
f 3013 3014 3034 3033
f 3014 3015 3035 3034
f 3015 3016 3036 3035
f 3016 3017 3037 3036
f 3017 3018 3038 3037
f 3018 3019 3039 3038
f 3019 3020 3040 3039
f 3020 3021 3041 3040
f 3021 3022 3042 3041
f 3022 3023 3043 3042
f 3023 3024 3044 3043
f 3024 3025 3045 3044
f 3025 3026 3046 3045
f 3026 3027 3047 3046
f 3027 3028 3048 3047
f 3028 3009 3029 3048
f 3066 3065 3064 3063 3062 3061 3060 3059 3058 3057 3056 3055 3054 3053 3052 3051 3050 3049
f 3067 3068 3069 3070 3071 3072 3073 3074 3075 3076 3077 3078 3079 3080 3081 3082 3083 3084
f 3049 3050 3068 3067
f 3050 3051 3069 3068
f 3051 3052 3070 3069
f 3052 3053 3071 3070
f 3053 3054 3072 3071
f 3054 3055 3073 3072
f 3055 3056 3074 3073
f 3056 3057 3075 3074
f 3057 3058 3076 3075
f 3058 3059 3077 3076
f 3059 3060 3078 3077
f 3060 3061 3079 3078
f 3061 3062 3080 3079
f 3062 3063 3081 3080
f 3063 3064 3082 3081
f 3064 3065 3083 3082
f 3065 3066 3084 3083
f 3066 3049 3067 3084
f 3088 3087 3086 3085
f 3089 3090 3091 3092
f 3085 3086 3090 3089
f 3086 3087 3091 3090
f 3087 3088 3092 3091
f 3088 3085 3089 3092
f 3096 3095 3094 3093
f 3097 3098 3099 3100
f 3093 3094 3098 3097
f 3094 3095 3099 3098
f 3095 3096 3100 3099
f 3096 3093 3097 3100
f 3112 3111 3110 3109 3108 3107 3106 3105 3104 3103 3102 3101
f 3113 3114 3115 3116 3117 3118 3119 3120 3121 3122 3123 3124
f 3101 3102 3114 3113
f 3102 3103 3115 3114
f 3103 3104 3116 3115
f 3104 3105 3117 3116
f 3105 3106 3118 3117
f 3106 3107 3119 3118
f 3107 3108 3120 3119
f 3108 3109 3121 3120
f 3109 3110 3122 3121
f 3110 3111 3123 3122
f 3111 3112 3124 3123
f 3112 3101 3113 3124
f 3128 3127 3126 3125
f 3129 3130 3131 3132
f 3125 3126 3130 3129
f 3126 3127 3131 3130
f 3127 3128 3132 3131
f 3128 3125 3129 3132
f 3136 3135 3134 3133
f 3137 3138 3139 3140
f 3133 3134 3138 3137
f 3134 3135 3139 3138
f 3135 3136 3140 3139
f 3136 3133 3137 3140
f 3151 3150 3149 3148 3147 3146 3145 3144 3143 3142 3141
f 3152 3153 3154 3155 3156 3157 3158 3159 3160 3161 3162
f 3141 3142 3153 3152
f 3142 3143 3154 3153
f 3143 3144 3155 3154
f 3144 3145 3156 3155
f 3145 3146 3157 3156
f 3146 3147 3158 3157
f 3147 3148 3159 3158
f 3148 3149 3160 3159
f 3149 3150 3161 3160
f 3150 3151 3162 3161
f 3151 3141 3152 3162
f 3167 3166 3165 3164 3163
f 3168 3169 3170 3171 3172
f 3163 3164 3169 3168
f 3164 3165 3170 3169
f 3165 3166 3171 3170
f 3166 3167 3172 3171
f 3167 3163 3168 3172
f 3181 3180 3179 3178 3177 3176 3175 3174 3173
f 3182 3183 3184 3185 3186 3187 3188 3189 3190
f 3173 3174 3183 3182
f 3174 3175 3184 3183
f 3175 3176 3185 3184
f 3176 3177 3186 3185
f 3177 3178 3187 3186
f 3178 3179 3188 3187
f 3179 3180 3189 3188
f 3180 3181 3190 3189
f 3181 3173 3182 3190
f 3194 3193 3192 3191
f 3195 3196 3197 3198
f 3191 3192 3196 3195
f 3192 3193 3197 3196
f 3193 3194 3198 3197
f 3194 3191 3195 3198
f 3202 3201 3200 3199
f 3203 3204 3205 3206
f 3199 3200 3204 3203
f 3200 3201 3205 3204
f 3201 3202 3206 3205
f 3202 3199 3203 3206
f 3210 3209 3208 3207
f 3211 3212 3213 3214
f 3207 3208 3212 3211
f 3208 3209 3213 3212
f 3209 3210 3214 3213
f 3210 3207 3211 3214
f 3221 3220 3219 3218 3217 3216 3215
f 3222 3223 3224 3225 3226 3227 3228
f 3215 3216 3223 3222
f 3216 3217 3224 3223
f 3217 3218 3225 3224
f 3218 3219 3226 3225
f 3219 3220 3227 3226
f 3220 3221 3228 3227
f 3221 3215 3222 3228
f 3232 3231 3230 3229
f 3233 3234 3235 3236
f 3229 3230 3234 3233
f 3230 3231 3235 3234
f 3231 3232 3236 3235
f 3232 3229 3233 3236
f 3240 3239 3238 3237
f 3241 3242 3243 3244
f 3237 3238 3242 3241
f 3238 3239 3243 3242
f 3239 3240 3244 3243
f 3240 3237 3241 3244
f 3248 3247 3246 3245
f 3249 3250 3251 3252
f 3245 3246 3250 3249
f 3246 3247 3251 3250
f 3247 3248 3252 3251
f 3248 3245 3249 3252
f 3294 3293 3292 3291 3290 3289 3288 3287 3286 3285 3284 3283 3282 3281 3280 3279 3278 3277 3276 3275 3274 3273 3272 3271 3270 3269 3268 3267 3266 3265 3264 3263 3262 3261 3260 3259 3258 3257 3256 3255 3254 3253
f 3295 3296 3297 3298 3299 3300 3301 3302 3303 3304 3305 3306 3307 3308 3309 3310 3311 3312 3313 3314 3315 3316 3317 3318 3319 3320 3321 3322 3323 3324 3325 3326 3327 3328 3329 3330 3331 3332 3333 3334 3335 3336
f 3253 3254 3296 3295
f 3254 3255 3297 3296
f 3255 3256 3298 3297
f 3256 3257 3299 3298
f 3257 3258 3300 3299
f 3258 3259 3301 3300
f 3259 3260 3302 3301
f 3260 3261 3303 3302
f 3261 3262 3304 3303
f 3262 3263 3305 3304
f 3263 3264 3306 3305
f 3264 3265 3307 3306
f 3265 3266 3308 3307
f 3266 3267 3309 3308
f 3267 3268 3310 3309
f 3268 3269 3311 3310
f 3269 3270 3312 3311
f 3270 3271 3313 3312
f 3271 3272 3314 3313
f 3272 3273 3315 3314
f 3273 3274 3316 3315
f 3274 3275 3317 3316
f 3275 3276 3318 3317
f 3276 3277 3319 3318
f 3277 3278 3320 3319
f 3278 3279 3321 3320
f 3279 3280 3322 3321
f 3280 3281 3323 3322
f 3281 3282 3324 3323
f 3282 3283 3325 3324
f 3283 3284 3326 3325
f 3284 3285 3327 3326
f 3285 3286 3328 3327
f 3286 3287 3329 3328
f 3287 3288 3330 3329
f 3288 3289 3331 3330
f 3289 3290 3332 3331
f 3290 3291 3333 3332
f 3291 3292 3334 3333
f 3292 3293 3335 3334
f 3293 3294 3336 3335
f 3294 3253 3295 3336
f 3340 3339 3338 3337
f 3341 3342 3343 3344
f 3337 3338 3342 3341
f 3338 3339 3343 3342
f 3339 3340 3344 3343
f 3340 3337 3341 3344
f 3351 3350 3349 3348 3347 3346 3345
f 3352 3353 3354 3355 3356 3357 3358
f 3345 3346 3353 3352
f 3346 3347 3354 3353
f 3347 3348 3355 3354
f 3348 3349 3356 3355
f 3349 3350 3357 3356
f 3350 3351 3358 3357
f 3351 3345 3352 3358
f 3380 3379 3378 3377 3376 3375 3374 3373 3372 3371 3370 3369 3368 3367 3366 3365 3364 3363 3362 3361 3360 3359
f 3381 3382 3383 3384 3385 3386 3387 3388 3389 3390 3391 3392 3393 3394 3395 3396 3397 3398 3399 3400 3401 3402
f 3359 3360 3382 3381
f 3360 3361 3383 3382
f 3361 3362 3384 3383
f 3362 3363 3385 3384
f 3363 3364 3386 3385
f 3364 3365 3387 3386
f 3365 3366 3388 3387
f 3366 3367 3389 3388
f 3367 3368 3390 3389
f 3368 3369 3391 3390
f 3369 3370 3392 3391
f 3370 3371 3393 3392
f 3371 3372 3394 3393
f 3372 3373 3395 3394
f 3373 3374 3396 3395
f 3374 3375 3397 3396
f 3375 3376 3398 3397
f 3376 3377 3399 3398
f 3377 3378 3400 3399
f 3378 3379 3401 3400
f 3379 3380 3402 3401
f 3380 3359 3381 3402
f 3416 3415 3414 3413 3412 3411 3410 3409 3408 3407 3406 3405 3404 3403
f 3417 3418 3419 3420 3421 3422 3423 3424 3425 3426 3427 3428 3429 3430
f 3403 3404 3418 3417
f 3404 3405 3419 3418
f 3405 3406 3420 3419
f 3406 3407 3421 3420
f 3407 3408 3422 3421
f 3408 3409 3423 3422
f 3409 3410 3424 3423
f 3410 3411 3425 3424
f 3411 3412 3426 3425
f 3412 3413 3427 3426
f 3413 3414 3428 3427
f 3414 3415 3429 3428
f 3415 3416 3430 3429
f 3416 3403 3417 3430
f 3446 3445 3444 3443 3442 3441 3440 3439 3438 3437 3436 3435 3434 3433 3432 3431
f 3447 3448 3449 3450 3451 3452 3453 3454 3455 3456 3457 3458 3459 3460 3461 3462
f 3431 3432 3448 3447
f 3432 3433 3449 3448
f 3433 3434 3450 3449
f 3434 3435 3451 3450
f 3435 3436 3452 3451
f 3436 3437 3453 3452
f 3437 3438 3454 3453
f 3438 3439 3455 3454
f 3439 3440 3456 3455
f 3440 3441 3457 3456
f 3441 3442 3458 3457
f 3442 3443 3459 3458
f 3443 3444 3460 3459
f 3444 3445 3461 3460
f 3445 3446 3462 3461
f 3446 3431 3447 3462
f 3467 3466 3465 3464 3463
f 3468 3469 3470 3471 3472
f 3463 3464 3469 3468
f 3464 3465 3470 3469
f 3465 3466 3471 3470
f 3466 3467 3472 3471
f 3467 3463 3468 3472
f 3480 3479 3478 3477 3476 3475 3474 3473
f 3481 3482 3483 3484 3485 3486 3487 3488
f 3473 3474 3482 3481
f 3474 3475 3483 3482
f 3475 3476 3484 3483
f 3476 3477 3485 3484
f 3477 3478 3486 3485
f 3478 3479 3487 3486
f 3479 3480 3488 3487
f 3480 3473 3481 3488
f 3499 3498 3497 3496 3495 3494 3493 3492 3491 3490 3489
f 3500 3501 3502 3503 3504 3505 3506 3507 3508 3509 3510
f 3489 3490 3501 3500
f 3490 3491 3502 3501
f 3491 3492 3503 3502
f 3492 3493 3504 3503
f 3493 3494 3505 3504
f 3494 3495 3506 3505
f 3495 3496 3507 3506
f 3496 3497 3508 3507
f 3497 3498 3509 3508
f 3498 3499 3510 3509
f 3499 3489 3500 3510
f 3514 3513 3512 3511
f 3515 3516 3517 3518
f 3511 3512 3516 3515
f 3512 3513 3517 3516
f 3513 3514 3518 3517
f 3514 3511 3515 3518
f 3522 3521 3520 3519
f 3523 3524 3525 3526
f 3519 3520 3524 3523
f 3520 3521 3525 3524
f 3521 3522 3526 3525
f 3522 3519 3523 3526
f 3530 3529 3528 3527
f 3531 3532 3533 3534
f 3527 3528 3532 3531
f 3528 3529 3533 3532
f 3529 3530 3534 3533
f 3530 3527 3531 3534
f 3538 3537 3536 3535
f 3539 3540 3541 3542
f 3535 3536 3540 3539
f 3536 3537 3541 3540
f 3537 3538 3542 3541
f 3538 3535 3539 3542
f 3546 3545 3544 3543
f 3547 3548 3549 3550
f 3543 3544 3548 3547
f 3544 3545 3549 3548
f 3545 3546 3550 3549
f 3546 3543 3547 3550
f 3572 3571 3570 3569 3568 3567 3566 3565 3564 3563 3562 3561 3560 3559 3558 3557 3556 3555 3554 3553 3552 3551
f 3573 3574 3575 3576 3577 3578 3579 3580 3581 3582 3583 3584 3585 3586 3587 3588 3589 3590 3591 3592 3593 3594
f 3551 3552 3574 3573
f 3552 3553 3575 3574
f 3553 3554 3576 3575
f 3554 3555 3577 3576
f 3555 3556 3578 3577
f 3556 3557 3579 3578
f 3557 3558 3580 3579
f 3558 3559 3581 3580
f 3559 3560 3582 3581
f 3560 3561 3583 3582
f 3561 3562 3584 3583
f 3562 3563 3585 3584
f 3563 3564 3586 3585
f 3564 3565 3587 3586
f 3565 3566 3588 3587
f 3566 3567 3589 3588
f 3567 3568 3590 3589
f 3568 3569 3591 3590
f 3569 3570 3592 3591
f 3570 3571 3593 3592
f 3571 3572 3594 3593
f 3572 3551 3573 3594
f 3598 3597 3596 3595
f 3599 3600 3601 3602
f 3595 3596 3600 3599
f 3596 3597 3601 3600
f 3597 3598 3602 3601
f 3598 3595 3599 3602
f 3606 3605 3604 3603
f 3607 3608 3609 3610
f 3603 3604 3608 3607
f 3604 3605 3609 3608
f 3605 3606 3610 3609
f 3606 3603 3607 3610
f 3614 3613 3612 3611
f 3615 3616 3617 3618
f 3611 3612 3616 3615
f 3612 3613 3617 3616
f 3613 3614 3618 3617
f 3614 3611 3615 3618
f 3624 3623 3622 3621 3620 3619
f 3625 3626 3627 3628 3629 3630
f 3619 3620 3626 3625
f 3620 3621 3627 3626
f 3621 3622 3628 3627
f 3622 3623 3629 3628
f 3623 3624 3630 3629
f 3624 3619 3625 3630
f 3661 3660 3659 3658 3657 3656 3655 3654 3653 3652 3651 3650 3649 3648 3647 3646 3645 3644 3643 3642 3641 3640 3639 3638 3637 3636 3635 3634 3633 3632 3631
f 3662 3663 3664 3665 3666 3667 3668 3669 3670 3671 3672 3673 3674 3675 3676 3677 3678 3679 3680 3681 3682 3683 3684 3685 3686 3687 3688 3689 3690 3691 3692
f 3631 3632 3663 3662
f 3632 3633 3664 3663
f 3633 3634 3665 3664
f 3634 3635 3666 3665
f 3635 3636 3667 3666
f 3636 3637 3668 3667
f 3637 3638 3669 3668
f 3638 3639 3670 3669
f 3639 3640 3671 3670
f 3640 3641 3672 3671
f 3641 3642 3673 3672
f 3642 3643 3674 3673
f 3643 3644 3675 3674
f 3644 3645 3676 3675
f 3645 3646 3677 3676
f 3646 3647 3678 3677
f 3647 3648 3679 3678
f 3648 3649 3680 3679
f 3649 3650 3681 3680
f 3650 3651 3682 3681
f 3651 3652 3683 3682
f 3652 3653 3684 3683
f 3653 3654 3685 3684
f 3654 3655 3686 3685
f 3655 3656 3687 3686
f 3656 3657 3688 3687
f 3657 3658 3689 3688
f 3658 3659 3690 3689
f 3659 3660 3691 3690
f 3660 3661 3692 3691
f 3661 3631 3662 3692
f 3696 3695 3694 3693
f 3697 3698 3699 3700
f 3693 3694 3698 3697
f 3694 3695 3699 3698
f 3695 3696 3700 3699
f 3696 3693 3697 3700
f 3704 3703 3702 3701
f 3705 3706 3707 3708
f 3701 3702 3706 3705
f 3702 3703 3707 3706
f 3703 3704 3708 3707
f 3704 3701 3705 3708
f 3713 3712 3711 3710 3709
f 3714 3715 3716 3717 3718
f 3709 3710 3715 3714
f 3710 3711 3716 3715
f 3711 3712 3717 3716
f 3712 3713 3718 3717
f 3713 3709 3714 3718
f 3722 3721 3720 3719
f 3723 3724 3725 3726
f 3719 3720 3724 3723
f 3720 3721 3725 3724
f 3721 3722 3726 3725
f 3722 3719 3723 3726
f 3730 3729 3728 3727
f 3731 3732 3733 3734
f 3727 3728 3732 3731
f 3728 3729 3733 3732
f 3729 3730 3734 3733
f 3730 3727 3731 3734
f 3738 3737 3736 3735
f 3739 3740 3741 3742
f 3735 3736 3740 3739
f 3736 3737 3741 3740
f 3737 3738 3742 3741
f 3738 3735 3739 3742
f 3746 3745 3744 3743
f 3747 3748 3749 3750
f 3743 3744 3748 3747
f 3744 3745 3749 3748
f 3745 3746 3750 3749
f 3746 3743 3747 3750
f 3754 3753 3752 3751
f 3755 3756 3757 3758
f 3751 3752 3756 3755
f 3752 3753 3757 3756
f 3753 3754 3758 3757
f 3754 3751 3755 3758
f 3762 3761 3760 3759
f 3763 3764 3765 3766
f 3759 3760 3764 3763
f 3760 3761 3765 3764
f 3761 3762 3766 3765
f 3762 3759 3763 3766
f 3780 3779 3778 3777 3776 3775 3774 3773 3772 3771 3770 3769 3768 3767
f 3781 3782 3783 3784 3785 3786 3787 3788 3789 3790 3791 3792 3793 3794
f 3767 3768 3782 3781
f 3768 3769 3783 3782
f 3769 3770 3784 3783
f 3770 3771 3785 3784
f 3771 3772 3786 3785
f 3772 3773 3787 3786
f 3773 3774 3788 3787
f 3774 3775 3789 3788
f 3775 3776 3790 3789
f 3776 3777 3791 3790
f 3777 3778 3792 3791
f 3778 3779 3793 3792
f 3779 3780 3794 3793
f 3780 3767 3781 3794
f 3798 3797 3796 3795
f 3799 3800 3801 3802
f 3795 3796 3800 3799
f 3796 3797 3801 3800
f 3797 3798 3802 3801
f 3798 3795 3799 3802
f 3806 3805 3804 3803
f 3807 3808 3809 3810
f 3803 3804 3808 3807
f 3804 3805 3809 3808
f 3805 3806 3810 3809
f 3806 3803 3807 3810
