{"type":"FeatureCollection","name":"Guwahati Real 3D Buildings","crs":{"type":"name","properties":{"name":"urn:ogc:def:crs:OGC:1.3:CRS84"}},"properties":{"dataset":"Guwahati_3D_Buildings","feature_count":190,"web_crs":"EPSG:4326","height_policy":"source height -> building levels x 3.2m -> 3.2m default","data_status":"real_footprints_derived_3d_attributes","identity_status":"prototype_internal_building_ids"},"features":[{"type":"Feature","id":"GHY-B000001","properties":{"building_id":"GHY-B000001","source_osm_id":"121451174","source_name":"Academic Complex","source_type":"university","source_building_levels":"4","source_height_m":null,"height_m":12.8,"floors_estimated":4,"height_source":"levels_x_3.2m","floors_source":"source_levels","data_status":"real_footprint_derived_height","identity_status":"prototype_internal_id","display_name":"Academic Complex"},"geometry":{"type":"Polygon","coordinates":[[[91.690902,26.1880174],[91.6907346,26.1878705],[91.6907278,26.1875382],[91.6906706,26.1875321],[91.6905326,26.1873992],[91.6905259,26.1869068],[91.690647,26.1867769],[91.6907346,26.1867829],[91.6907278,26.1864567],[91.6909096,26.1863117],[91.691115,26.1863147],[91.6911184,26.1861032],[91.6908928,26.1861092],[91.6907312,26.1859642],[91.6907144,26.1856259],[91.6906369,26.1856289],[91.690509,26.1855171],[91.6905259,26.1849854],[91.6906538,26.1848797],[91.6907211,26.1848797],[91.6907177,26.1846108],[91.6907278,26.1845413],[91.6908591,26.1844084],[91.6919533,26.1844114],[91.6921014,26.1845504],[91.6921115,26.1845987],[91.6921519,26.1845987],[91.6921384,26.184493],[91.6921788,26.1844658],[91.6925929,26.1844718],[91.6925828,26.1846048],[91.6926299,26.1846259],[91.6926277,26.184784],[91.6921839,26.1847766],[91.6921759,26.1848629],[91.692324,26.1850049],[91.6923442,26.1854912],[91.6922062,26.1856272],[91.6921288,26.1856212],[91.6921288,26.1859504],[91.6919672,26.1860985],[91.6917349,26.1860954],[91.6917349,26.1862979],[91.6919806,26.1863009],[91.6921591,26.1864519],[91.6921624,26.1867722],[91.6922096,26.1867722],[91.6923375,26.18689],[91.692324,26.1874186],[91.6922163,26.1875214],[91.6921513,26.1875277],[91.6921382,26.187864],[91.6919607,26.1879997],[91.690902,26.1880174]]]}},{"type":"Feature","id":"GHY-B000002","properties":{"building_id":"GHY-B000002","source_osm_id":"121451183","source_name":"Administrative Block","source_type":"office","source_building_levels":"4","source_height_m":null,"height_m":12.8,"floors_estimated":4,"height_source":"levels_x_3.2m","floors_source":"source_levels","data_status":"real_footprint_derived_height","identity_status":"prototype_internal_id","display_name":"Administrative Block"},"geometry":{"type":"Polygon","coordinates":[[[91.6919547,26.190062],[91.6917274,26.1898619],[91.691835,26.1897594],[91.6918901,26.1897965],[91.6919401,26.1897563],[91.6919849,26.1897903],[91.6921332,26.1896604],[91.6921987,26.1897021],[91.6922418,26.1896635],[91.692359,26.1897563],[91.6922556,26.1898568],[91.6921935,26.1898073],[91.6921435,26.189846],[91.69224,26.1899403],[91.6921142,26.1900563],[91.6921183,26.1902805],[91.6922487,26.1903904],[91.6921487,26.1904801],[91.6922021,26.1905312],[91.6922469,26.1904909],[91.6923521,26.1905838],[91.692259,26.1906766],[91.6921952,26.1906271],[91.6921401,26.1906719],[91.6919901,26.1905435],[91.6919453,26.1905838],[91.6918884,26.1905404],[91.6918436,26.1905822],[91.6917367,26.1904909],[91.6919628,26.1902834],[91.6919547,26.190062]]]}},{"type":"Feature","id":"GHY-B000003","properties":{"building_id":"GHY-B000003","source_osm_id":"121455432","source_name":"Siang Hostel","source_type":"dormitory","source_building_levels":"4","source_height_m":null,"height_m":12.8,"floors_estimated":4,"height_source":"levels_x_3.2m","floors_source":"source_levels","data_status":"real_footprint_derived_height","identity_status":"prototype_internal_id","display_name":"Siang Hostel"},"geometry":{"type":"Polygon","coordinates":[[[91.6965404,26.1890038],[91.6968518,26.1890001],[91.6970664,26.1890038],[91.697079,26.1894759],[91.6968854,26.1896307],[91.6967466,26.1896307],[91.6967508,26.1895703],[91.6965404,26.189574],[91.6965446,26.1896156],[91.6963047,26.1896118],[91.6961953,26.1894947],[91.6961995,26.1893664],[91.6965109,26.1893626],[91.6965151,26.1892229],[91.6961911,26.1892266],[91.6961869,26.1890982],[91.6962963,26.188985],[91.6965406,26.1889765],[91.6965404,26.1890038]]]}},{"type":"Feature","id":"GHY-B000004","properties":{"building_id":"GHY-B000004","source_osm_id":"121455433","source_name":"Subansiri Hostel","source_type":"dormitory","source_building_levels":"4","source_height_m":null,"height_m":12.8,"floors_estimated":4,"height_source":"levels_x_3.2m","floors_source":"source_levels","data_status":"real_footprint_derived_height","identity_status":"prototype_internal_id","display_name":"Subansiri Hostel"},"geometry":{"type":"Polygon","coordinates":[[[91.6946902,26.1926936],[91.6946835,26.1925863],[91.6946744,26.1922409],[91.6954684,26.1922371],[91.6955233,26.1934211],[91.6946004,26.1934448],[91.6946157,26.1930098],[91.6946109,26.1928005],[91.6946129,26.1927259],[91.6946902,26.1926936]]]}},{"type":"Feature","id":"GHY-B000005","properties":{"building_id":"GHY-B000005","source_osm_id":"121455436","source_name":"Kapili Hostel","source_type":"dormitory","source_building_levels":"4","source_height_m":null,"height_m":12.8,"floors_estimated":4,"height_source":"levels_x_3.2m","floors_source":"source_levels","data_status":"real_footprint_derived_height","identity_status":"prototype_internal_id","display_name":"Kapili Hostel"},"geometry":{"type":"Polygon","coordinates":[[[91.6959091,26.1882675],[91.6960059,26.1881429],[91.6965825,26.1881504],[91.6967213,26.1882637],[91.6967255,26.1887735],[91.696574,26.1887735],[91.696574,26.1887169],[91.6962458,26.1887244],[91.69625,26.188781],[91.6959933,26.188781],[91.6959049,26.1886678],[91.6959007,26.1885356],[91.6962206,26.1885394],[91.6962163,26.1883921],[91.6959091,26.1883883],[91.6959091,26.1882675]]]}},{"type":"Feature","id":"GHY-B000006","properties":{"building_id":"GHY-B000006","source_osm_id":"121455439","source_name":"Manas Hostel","source_type":"residential","source_building_levels":"3","source_height_m":null,"height_m":9.6,"floors_estimated":3,"height_source":"levels_x_3.2m","floors_source":"source_levels","data_status":"real_footprint_derived_height","identity_status":"prototype_internal_id","display_name":"Manas Hostel"},"geometry":{"type":"Polygon","coordinates":[[[91.699215,26.1885969],[91.6993092,26.1884833],[91.6995597,26.1884688],[91.6995651,26.1885172],[91.6998829,26.1885099],[91.6998802,26.1884688],[91.7000283,26.188464],[91.700031,26.188493],[91.7001791,26.1884954],[91.700198,26.1890054],[91.700066,26.1890078],[91.7000337,26.1890319],[91.700058,26.1890682],[91.6999987,26.1891141],[91.6999691,26.1890875],[91.6993227,26.1890996],[91.699215,26.1889812],[91.699215,26.1885969]]]}},{"type":"Feature","id":"GHY-B000007","properties":{"building_id":"GHY-B000007","source_osm_id":"121455959","source_name":"Shopping Complex","source_type":"retail","source_building_levels":"1","source_height_m":null,"height_m":3.2,"floors_estimated":1,"height_source":"levels_x_3.2m","floors_source":"source_levels","data_status":"real_footprint_derived_height","identity_status":"prototype_internal_id","display_name":"Shopping Complex"},"geometry":{"type":"Polygon","coordinates":[[[91.6877961,26.1949805],[91.6879706,26.1948955],[91.6880439,26.1950037],[91.6878629,26.1950946],[91.6877961,26.1949805]]]}},{"type":"Feature","id":"GHY-B000008","properties":{"building_id":"GHY-B000008","source_osm_id":"144431212","source_name":"Bhupen Hazarika Auditorium","source_type":"university","source_building_levels":"4","source_height_m":null,"height_m":12.8,"floors_estimated":4,"height_source":"levels_x_3.2m","floors_source":"source_levels","data_status":"real_footprint_derived_height","identity_status":"prototype_internal_id","display_name":"Bhupen Hazarika Auditorium"},"geometry":{"type":"Polygon","coordinates":[[[91.6929341,26.1913006],[91.6929494,26.1911869],[91.6928821,26.1910737],[91.6928222,26.1909773],[91.6929263,26.190869],[91.6929797,26.1906574],[91.6931767,26.1906471],[91.6932029,26.1907868],[91.6932868,26.190978],[91.6931955,26.1911606],[91.6932133,26.191304],[91.6929341,26.1913006]]]}},{"type":"Feature","id":"GHY-B000009","properties":{"building_id":"GHY-B000009","source_osm_id":"267002635","source_name":"New Student Activity Center","source_type":"university","source_building_levels":"2","source_height_m":null,"height_m":6.4,"floors_estimated":2,"height_source":"levels_x_3.2m","floors_source":"source_levels","data_status":"real_footprint_derived_height","identity_status":"prototype_internal_id","display_name":"New Student Activity Center"},"geometry":{"type":"Polygon","coordinates":[[[91.6990277,26.1929746],[91.6989759,26.1928006],[91.6989174,26.1926188],[91.6988775,26.192358],[91.6988445,26.1922797],[91.6988303,26.1921901],[91.6988263,26.1921593],[91.6989027,26.1921484],[91.6991192,26.1921849],[91.6991392,26.1922435],[91.699078,26.1922977],[91.6991094,26.1925398],[91.6992095,26.1925321],[91.6993386,26.1929156],[91.6990277,26.1929746]]]}},{"type":"Feature","id":"GHY-B000010","properties":{"building_id":"GHY-B000010","source_osm_id":"286435771","source_name":"Kapur Singh Bhawan","source_type":"house","source_building_levels":"3","source_height_m":null,"height_m":9.6,"floors_estimated":3,"height_source":"levels_x_3.2m","floors_source":"source_levels","data_status":"real_footprint_derived_height","identity_status":"prototype_internal_id","display_name":"Kapur Singh Bhawan"},"geometry":{"type":"Polygon","coordinates":[[[91.8059778,26.1262189],[91.8059736,26.1261507],[91.8059676,26.1260789],[91.8060608,26.1260682],[91.8061719,26.1260571],[91.8061818,26.1261244],[91.8061916,26.1262036],[91.8060581,26.1262117],[91.8059778,26.1262189]]]}},{"type":"Feature","id":"GHY-B000011","properties":{"building_id":"GHY-B000011","source_osm_id":"393657574","source_name":"MTRC Control Maligaon Ghy","source_type":"industrial","source_building_levels":"4","source_height_m":null,"height_m":12.8,"floors_estimated":4,"height_source":"levels_x_3.2m","floors_source":"source_levels","data_status":"real_footprint_derived_height","identity_status":"prototype_internal_id","display_name":"MTRC Control Maligaon Ghy"},"geometry":{"type":"Polygon","coordinates":[[[91.7017887,26.1586146],[91.701853,26.1580849],[91.7020328,26.1581114],[91.7019657,26.1586258],[91.7017887,26.1586146]]]}},{"type":"Feature","id":"GHY-B000012","properties":{"building_id":"GHY-B000012","source_osm_id":"455100471","source_name":"Dibang Hostel","source_type":"dormitory","source_building_levels":"4","source_height_m":null,"height_m":12.8,"floors_estimated":4,"height_source":"levels_x_3.2m","floors_source":"source_levels","data_status":"real_footprint_derived_height","identity_status":"prototype_internal_id","display_name":"Dibang Hostel"},"geometry":{"type":"Polygon","coordinates":[[[91.695852,26.1879616],[91.6958412,26.1869941],[91.6974988,26.1870181],[91.6975149,26.1880146],[91.695852,26.1879616]]]}},{"type":"Feature","id":"GHY-B000013","properties":{"building_id":"GHY-B000013","source_osm_id":"517443620","source_name":"Deepor Beel Forest Office","source_type":"","source_building_levels":"1","source_height_m":null,"height_m":3.2,"floors_estimated":1,"height_source":"levels_x_3.2m","floors_source":"source_levels","data_status":"real_footprint_derived_height","identity_status":"prototype_internal_id","display_name":"Deepor Beel Forest Office"},"geometry":{"type":"Polygon","coordinates":[[[91.6552679,26.1130557],[91.6552812,26.1129358],[91.6555196,26.1129571],[91.6555063,26.113077],[91.6552679,26.1130557]]]}},{"type":"Feature","id":"GHY-B000014","properties":{"building_id":"GHY-B000014","source_osm_id":"517462593","source_name":"Radisson Blu Hotel Guwahati","source_type":"hotel","source_building_levels":"14","source_height_m":null,"height_m":44.8,"floors_estimated":14,"height_source":"levels_x_3.2m","floors_source":"source_levels","data_status":"real_footprint_derived_height","identity_status":"prototype_internal_id","display_name":"Radisson Blu Hotel Guwahati"},"geometry":{"type":"Polygon","coordinates":[[[91.6737549,26.1418961],[91.6734174,26.1413749],[91.6735681,26.1412903],[91.6737782,26.1415942],[91.6738613,26.1417267],[91.673909,26.1418164],[91.6737549,26.1418961]]]}},{"type":"Feature","id":"GHY-B000015","properties":{"building_id":"GHY-B000015","source_osm_id":"517462600","source_name":null,"source_type":"","source_building_levels":"10","source_height_m":null,"height_m":32.0,"floors_estimated":10,"height_source":"levels_x_3.2m","floors_source":"source_levels","data_status":"real_footprint_derived_height","identity_status":"prototype_internal_id","display_name":"GHY-B000015"},"geometry":{"type":"Polygon","coordinates":[[[91.6734792,26.1400265],[91.673694,26.1397121],[91.6738715,26.1398001],[91.6736333,26.1401104],[91.6734792,26.1400265]]]}},{"type":"Feature","id":"GHY-B000016","properties":{"building_id":"GHY-B000016","source_osm_id":"517478711","source_name":"NUTS & BREW","source_type":"","source_building_levels":"6","source_height_m":null,"height_m":19.2,"floors_estimated":6,"height_source":"levels_x_3.2m","floors_source":"source_levels","data_status":"real_footprint_derived_height","identity_status":"prototype_internal_id","display_name":"NUTS & BREW"},"geometry":{"type":"Polygon","coordinates":[[[91.798337,26.1387742],[91.7983399,26.1384435],[91.7984977,26.1384446],[91.7984949,26.1387753],[91.798337,26.1387742]]]}},{"type":"Feature","id":"GHY-B000017","properties":{"building_id":"GHY-B000017","source_osm_id":"517478712","source_name":null,"source_type":"","source_building_levels":"8","source_height_m":null,"height_m":25.6,"floors_estimated":8,"height_source":"levels_x_3.2m","floors_source":"source_levels","data_status":"real_footprint_derived_height","identity_status":"prototype_internal_id","display_name":"GHY-B000017"},"geometry":{"type":"Polygon","coordinates":[[[91.7983453,26.1382813],[91.7983371,26.1378174],[91.798496,26.1378152],[91.798504,26.1382791],[91.7983453,26.1382813]]]}},{"type":"Feature","id":"GHY-B000018","properties":{"building_id":"GHY-B000018","source_osm_id":"517478713","source_name":"Aditya Tower","source_type":"","source_building_levels":"8","source_height_m":null,"height_m":25.6,"floors_estimated":8,"height_source":"levels_x_3.2m","floors_source":"source_levels","data_status":"real_footprint_derived_height","identity_status":"prototype_internal_id","display_name":"Aditya Tower"},"geometry":{"type":"Polygon","coordinates":[[[91.7985722,26.1385994],[91.7985685,26.1377661],[91.7986945,26.1377657],[91.798698,26.138599],[91.7985722,26.1385994]]]}},{"type":"Feature","id":"GHY-B000019","properties":{"building_id":"GHY-B000019","source_osm_id":"517478714","source_name":null,"source_type":"","source_building_levels":"4","source_height_m":null,"height_m":12.8,"floors_estimated":4,"height_source":"levels_x_3.2m","floors_source":"source_levels","data_status":"real_footprint_derived_height","identity_status":"prototype_internal_id","display_name":"GHY-B000019"},"geometry":{"type":"Polygon","coordinates":[[[91.7987421,26.138526],[91.7987537,26.1378473],[91.7988798,26.137849],[91.7988684,26.1385277],[91.7987421,26.138526]]]}},{"type":"Feature","id":"GHY-B000020","properties":{"building_id":"GHY-B000020","source_osm_id":"517478716","source_name":null,"source_type":"","source_building_levels":"8","source_height_m":null,"height_m":25.6,"floors_estimated":8,"height_source":"levels_x_3.2m","floors_source":"source_levels","data_status":"real_footprint_derived_height","identity_status":"prototype_internal_id","display_name":"GHY-B000020"},"geometry":{"type":"Polygon","coordinates":[[[91.798915,26.1380763],[91.7989149,26.137741],[91.799041,26.137741],[91.799041,26.1380763],[91.798915,26.1380763]]]}},{"type":"Feature","id":"GHY-B000021","properties":{"building_id":"GHY-B000021","source_osm_id":"517478717","source_name":"bijay cresent","source_type":"office","source_building_levels":"7","source_height_m":null,"height_m":22.4,"floors_estimated":7,"height_source":"levels_x_3.2m","floors_source":"source_levels","data_status":"real_footprint_derived_height","identity_status":"prototype_internal_id","display_name":"bijay cresent"},"geometry":{"type":"Polygon","coordinates":[[[91.8015281,26.1373942],[91.8015094,26.1371812],[91.8016731,26.1371696],[91.8016493,26.1368407],[91.8017845,26.1368212],[91.801833,26.1373726],[91.8015281,26.1373942]]]}},{"type":"Feature","id":"GHY-B000022","properties":{"building_id":"GHY-B000022","source_osm_id":"517478719","source_name":"New Assembly Hall","source_type":"","source_building_levels":"2","source_height_m":"8","height_m":8.0,"floors_estimated":2,"height_source":"source_height","floors_source":"source_levels","data_status":"real_footprint_derived_height","identity_status":"prototype_internal_id","display_name":"New Assembly Hall"},"geometry":{"type":"Polygon","coordinates":[[[91.7887378,26.1447521],[91.7887666,26.1447012],[91.7886733,26.1446586],[91.788859,26.1443311],[91.788955,26.144375],[91.7889848,26.1443225],[91.7894905,26.1445534],[91.7894385,26.1446452],[91.7896514,26.1447425],[91.7895984,26.1448361],[91.789754,26.1449072],[91.7896963,26.145009],[91.7895372,26.1449363],[91.7894806,26.145036],[91.7893142,26.1449599],[91.789289,26.1450042],[91.7887378,26.1447521]]]}},{"type":"Feature","id":"GHY-B000023","properties":{"building_id":"GHY-B000023","source_osm_id":"517478723","source_name":"Annexe 1","source_type":"","source_building_levels":"12","source_height_m":"48","height_m":48.0,"floors_estimated":12,"height_source":"source_height","floors_source":"source_levels","data_status":"real_footprint_derived_height","identity_status":"prototype_internal_id","display_name":"Annexe 1"},"geometry":{"type":"Polygon","coordinates":[[[91.7883124,26.1442358],[91.7884167,26.1440444],[91.7887126,26.1441743],[91.7886084,26.1443657],[91.7883124,26.1442358]]]}},{"type":"Feature","id":"GHY-B000024","properties":{"building_id":"GHY-B000024","source_osm_id":"543477787","source_name":null,"source_type":"apartments","source_building_levels":"8","source_height_m":null,"height_m":25.6,"floors_estimated":8,"height_source":"levels_x_3.2m","floors_source":"source_levels","data_status":"real_footprint_derived_height","identity_status":"prototype_internal_id","display_name":"GHY-B000024"},"geometry":{"type":"Polygon","coordinates":[[[91.7199529,26.1092784],[91.7199424,26.1091845],[91.7201661,26.1091644],[91.7201765,26.1092583],[91.7199529,26.1092784]]]}},{"type":"Feature","id":"GHY-B000025","properties":{"building_id":"GHY-B000025","source_osm_id":"543480052","source_name":null,"source_type":"apartments","source_building_levels":"3","source_height_m":null,"height_m":9.6,"floors_estimated":3,"height_source":"levels_x_3.2m","floors_source":"source_levels","data_status":"real_footprint_derived_height","identity_status":"prototype_internal_id","display_name":"GHY-B000025"},"geometry":{"type":"Polygon","coordinates":[[[91.5987929,26.0898639],[91.5987256,26.0895547],[91.598664,26.0893693],[91.5989752,26.0893167],[91.5991022,26.0898017],[91.5987929,26.0898639]]]}},{"type":"Feature","id":"GHY-B000026","properties":{"building_id":"GHY-B000026","source_osm_id":"543855345","source_name":"Sweet Enclave","source_type":"apartments","source_building_levels":"4","source_height_m":null,"height_m":12.8,"floors_estimated":4,"height_source":"levels_x_3.2m","floors_source":"source_levels","data_status":"real_footprint_derived_height","identity_status":"prototype_internal_id","display_name":"Sweet Enclave"},"geometry":{"type":"Polygon","coordinates":[[[91.7950221,26.1316884],[91.7950286,26.1316299],[91.7950579,26.1316325],[91.7950641,26.1315762],[91.7954963,26.1316146],[91.7954836,26.1317295],[91.7950221,26.1316884]]]}},{"type":"Feature","id":"GHY-B000027","properties":{"building_id":"GHY-B000027","source_osm_id":"543855346","source_name":"Lakshmi Apartment","source_type":"apartments","source_building_levels":"5","source_height_m":null,"height_m":16.0,"floors_estimated":5,"height_source":"levels_x_3.2m","floors_source":"source_levels","data_status":"real_footprint_derived_height","identity_status":"prototype_internal_id","display_name":"Lakshmi Apartment"},"geometry":{"type":"Polygon","coordinates":[[[91.7947055,26.131238],[91.7947053,26.1311298],[91.7952652,26.1311287],[91.7952655,26.131237],[91.7947055,26.131238]]]}},{"type":"Feature","id":"GHY-B000028","properties":{"building_id":"GHY-B000028","source_osm_id":"548222131","source_name":"Old DC Bungalow","source_type":"","source_building_levels":"1","source_height_m":null,"height_m":3.2,"floors_estimated":1,"height_source":"levels_x_3.2m","floors_source":"source_levels","data_status":"real_footprint_derived_height","identity_status":"prototype_internal_id","display_name":"Old DC Bungalow"},"geometry":{"type":"Polygon","coordinates":[[[91.7424726,26.1890908],[91.7424887,26.1889428],[91.7427529,26.1889681],[91.7427596,26.1890644],[91.7427153,26.189068],[91.7427113,26.1891125],[91.742663,26.1891113],[91.742659,26.1891342],[91.7426268,26.1891474],[91.7425946,26.189145],[91.7425678,26.1891342],[91.7425638,26.1891125],[91.7425651,26.1890932],[91.7424726,26.1890908]]]}},{"type":"Feature","id":"GHY-B000029","properties":{"building_id":"GHY-B000029","source_osm_id":"548222134","source_name":null,"source_type":"","source_building_levels":"10","source_height_m":null,"height_m":32.0,"floors_estimated":10,"height_source":"levels_x_3.2m","floors_source":"source_levels","data_status":"real_footprint_derived_height","identity_status":"prototype_internal_id","display_name":"GHY-B000029"},"geometry":{"type":"Polygon","coordinates":[[[91.7445894,26.1891971],[91.7444188,26.189172],[91.7444604,26.188944],[91.7446321,26.1889692],[91.7446246,26.1890104],[91.744738,26.189027],[91.7447219,26.1891152],[91.7446073,26.1890984],[91.7445894,26.1891971]]]}},{"type":"Feature","id":"GHY-B000030","properties":{"building_id":"GHY-B000030","source_osm_id":"548222137","source_name":null,"source_type":"","source_building_levels":"8","source_height_m":null,"height_m":25.6,"floors_estimated":8,"height_source":"levels_x_3.2m","floors_source":"source_levels","data_status":"real_footprint_derived_height","identity_status":"prototype_internal_id","display_name":"GHY-B000030"},"geometry":{"type":"Polygon","coordinates":[[[91.7450634,26.185798],[91.7451025,26.185673],[91.7454791,26.1857678],[91.74544,26.1858928],[91.7450634,26.185798]]]}},{"type":"Feature","id":"GHY-B000031","properties":{"building_id":"GHY-B000031","source_osm_id":"548222146","source_name":null,"source_type":"","source_building_levels":"6","source_height_m":null,"height_m":19.2,"floors_estimated":6,"height_source":"levels_x_3.2m","floors_source":"source_levels","data_status":"real_footprint_derived_height","identity_status":"prototype_internal_id","display_name":"GHY-B000031"},"geometry":{"type":"Polygon","coordinates":[[[91.7420922,26.1873511],[91.7417143,26.1871906],[91.7417642,26.187096],[91.7421421,26.1872565],[91.7420922,26.1873511]]]}},{"type":"Feature","id":"GHY-B000032","properties":{"building_id":"GHY-B000032","source_osm_id":"548222147","source_name":null,"source_type":"","source_building_levels":"6","source_height_m":null,"height_m":19.2,"floors_estimated":6,"height_source":"levels_x_3.2m","floors_source":"source_levels","data_status":"real_footprint_derived_height","identity_status":"prototype_internal_id","display_name":"GHY-B000032"},"geometry":{"type":"Polygon","coordinates":[[[91.7417788,26.1869559],[91.7418185,26.1868826],[91.7420882,26.1869685],[91.7420438,26.1870554],[91.7417788,26.1869559]]]}},{"type":"Feature","id":"GHY-B000033","properties":{"building_id":"GHY-B000033","source_osm_id":"548223440","source_name":null,"source_type":"","source_building_levels":"8","source_height_m":null,"height_m":25.6,"floors_estimated":8,"height_source":"levels_x_3.2m","floors_source":"source_levels","data_status":"real_footprint_derived_height","identity_status":"prototype_internal_id","display_name":"GHY-B000033"},"geometry":{"type":"Polygon","coordinates":[[[91.7524819,26.1926443],[91.7523579,26.1926042],[91.7524331,26.1924364],[91.7525551,26.1924747],[91.7524819,26.1926443]]]}},{"type":"Feature","id":"GHY-B000034","properties":{"building_id":"GHY-B000034","source_osm_id":"559023191","source_name":null,"source_type":"apartments","source_building_levels":"6","source_height_m":null,"height_m":19.2,"floors_estimated":6,"height_source":"levels_x_3.2m","floors_source":"source_levels","data_status":"real_footprint_derived_height","identity_status":"prototype_internal_id","display_name":"GHY-B000034"},"geometry":{"type":"Polygon","coordinates":[[[91.7194145,26.1034828],[91.7193973,26.1032183],[91.7196328,26.103206],[91.7196499,26.1034705],[91.7194145,26.1034828]]]}},{"type":"Feature","id":"GHY-B000035","properties":{"building_id":"GHY-B000035","source_osm_id":"559023192","source_name":null,"source_type":"apartments","source_building_levels":"6","source_height_m":null,"height_m":19.2,"floors_estimated":6,"height_source":"levels_x_3.2m","floors_source":"source_levels","data_status":"real_footprint_derived_height","identity_status":"prototype_internal_id","display_name":"GHY-B000035"},"geometry":{"type":"Polygon","coordinates":[[[91.71824,26.1005433],[91.7181951,26.1003779],[91.7183355,26.1003471],[91.7183805,26.1005125],[91.71824,26.1005433]]]}},{"type":"Feature","id":"GHY-B000036","properties":{"building_id":"GHY-B000036","source_osm_id":"559023193","source_name":null,"source_type":"apartments","source_building_levels":"12","source_height_m":null,"height_m":38.4,"floors_estimated":12,"height_source":"levels_x_3.2m","floors_source":"source_levels","data_status":"real_footprint_derived_height","identity_status":"prototype_internal_id","display_name":"GHY-B000036"},"geometry":{"type":"Polygon","coordinates":[[[91.7210125,26.1105793],[91.7209893,26.1103155],[91.72139,26.110287],[91.7214132,26.1105509],[91.7210125,26.1105793]]]}},{"type":"Feature","id":"GHY-B000037","properties":{"building_id":"GHY-B000037","source_osm_id":"559023194","source_name":null,"source_type":"apartments","source_building_levels":"12","source_height_m":null,"height_m":38.4,"floors_estimated":12,"height_source":"levels_x_3.2m","floors_source":"source_levels","data_status":"real_footprint_derived_height","identity_status":"prototype_internal_id","display_name":"GHY-B000037"},"geometry":{"type":"Polygon","coordinates":[[[91.7219111,26.1105085],[91.7214967,26.1105296],[91.7214822,26.1103001],[91.7218967,26.1102791],[91.7219111,26.1105085]]]}},{"type":"Feature","id":"GHY-B000038","properties":{"building_id":"GHY-B000038","source_osm_id":"559023195","source_name":null,"source_type":"apartments","source_building_levels":"10","source_height_m":null,"height_m":32.0,"floors_estimated":10,"height_source":"levels_x_3.2m","floors_source":"source_levels","data_status":"real_footprint_derived_height","identity_status":"prototype_internal_id","display_name":"GHY-B000038"},"geometry":{"type":"Polygon","coordinates":[[[91.7224663,26.1126218],[91.7224663,26.1123954],[91.722952,26.1123702],[91.7229707,26.1125883],[91.7224663,26.1126218]]]}},{"type":"Feature","id":"GHY-B000039","properties":{"building_id":"GHY-B000039","source_osm_id":"559023196","source_name":null,"source_type":"apartments","source_building_levels":"10","source_height_m":null,"height_m":32.0,"floors_estimated":10,"height_source":"levels_x_3.2m","floors_source":"source_levels","data_status":"real_footprint_derived_height","identity_status":"prototype_internal_id","display_name":"GHY-B000039"},"geometry":{"type":"Polygon","coordinates":[[[91.7230495,26.1125823],[91.7230318,26.1123215],[91.7235478,26.1122932],[91.7235656,26.112554],[91.7230495,26.1125823]]]}},{"type":"Feature","id":"GHY-B000040","properties":{"building_id":"GHY-B000040","source_osm_id":"559023197","source_name":null,"source_type":"apartments","source_building_levels":"8","source_height_m":null,"height_m":25.6,"floors_estimated":8,"height_source":"levels_x_3.2m","floors_source":"source_levels","data_status":"real_footprint_derived_height","identity_status":"prototype_internal_id","display_name":"GHY-B000040"},"geometry":{"type":"Polygon","coordinates":[[[91.723002,26.112141],[91.722974,26.1119236],[91.7234524,26.1118739],[91.7234804,26.1120913],[91.723002,26.112141]]]}},{"type":"Feature","id":"GHY-B000041","properties":{"building_id":"GHY-B000041","source_osm_id":"559023198","source_name":null,"source_type":"apartments","source_building_levels":"8","source_height_m":null,"height_m":25.6,"floors_estimated":8,"height_source":"levels_x_3.2m","floors_source":"source_levels","data_status":"real_footprint_derived_height","identity_status":"prototype_internal_id","display_name":"GHY-B000041"},"geometry":{"type":"Polygon","coordinates":[[[91.7237139,26.1120725],[91.7236927,26.1118458],[91.7242987,26.1118003],[91.7243199,26.1120269],[91.7237139,26.1120725]]]}},{"type":"Feature","id":"GHY-B000042","properties":{"building_id":"GHY-B000042","source_osm_id":"559023199","source_name":null,"source_type":"apartments","source_building_levels":"10","source_height_m":null,"height_m":32.0,"floors_estimated":10,"height_source":"levels_x_3.2m","floors_source":"source_levels","data_status":"real_footprint_derived_height","identity_status":"prototype_internal_id","display_name":"GHY-B000042"},"geometry":{"type":"Polygon","coordinates":[[[91.723706,26.1125395],[91.7236605,26.1123351],[91.7238122,26.1123351],[91.7238881,26.1122329],[91.7239943,26.1122057],[91.7241005,26.1122398],[91.7242067,26.1121989],[91.7242067,26.1123624],[91.7242978,26.1123692],[91.7242826,26.1124918],[91.723706,26.1125395]]]}},{"type":"Feature","id":"GHY-B000043","properties":{"building_id":"GHY-B000043","source_osm_id":"564616787","source_name":"Hotel Renaissance","source_type":"","source_building_levels":"9","source_height_m":null,"height_m":28.8,"floors_estimated":9,"height_source":"levels_x_3.2m","floors_source":"source_levels","data_status":"real_footprint_derived_height","identity_status":"prototype_internal_id","display_name":"Hotel Renaissance"},"geometry":{"type":"Polygon","coordinates":[[[91.7913445,26.1458275],[91.7915364,26.1456647],[91.7915524,26.1456799],[91.791614,26.1456276],[91.7916763,26.1456868],[91.7916262,26.1457293],[91.7916448,26.145747],[91.7917131,26.1456891],[91.7918757,26.1458435],[91.7917806,26.1459242],[91.7918096,26.1459518],[91.7921581,26.1459549],[91.7921572,26.146038],[91.7921962,26.1460384],[91.7921953,26.1461142],[91.7918886,26.1461114],[91.7918849,26.1464312],[91.7916574,26.1464291],[91.7916594,26.1462553],[91.7916737,26.1462554],[91.7916741,26.1462176],[91.7916592,26.1462174],[91.7916607,26.1460939],[91.7916266,26.1460615],[91.7916077,26.1460775],[91.7913445,26.1458275]]]}},{"type":"Feature","id":"GHY-B000044","properties":{"building_id":"GHY-B000044","source_osm_id":"564616789","source_name":"Maulana Azad Markaz Academy","source_type":"school","source_building_levels":"2","source_height_m":null,"height_m":6.4,"floors_estimated":2,"height_source":"levels_x_3.2m","floors_source":"source_levels","data_status":"real_footprint_derived_height","identity_status":"prototype_internal_id","display_name":"Maulana Azad Markaz Academy"},"geometry":{"type":"Polygon","coordinates":[[[91.8205882,26.1421634],[91.8205475,26.1421312],[91.8205507,26.1420462],[91.8206119,26.1419981],[91.8205957,26.1419529],[91.8206356,26.1419212],[91.8205701,26.141859],[91.8206303,26.1418095],[91.8206983,26.1418717],[91.820756,26.1418187],[91.8209381,26.1418417],[91.8209599,26.1418728],[91.8209394,26.1421606],[91.8209035,26.1421905],[91.8205882,26.1421634]]]}},{"type":"Feature","id":"GHY-B000045","properties":{"building_id":"GHY-B000045","source_osm_id":"564710397","source_name":null,"source_type":"apartments","source_building_levels":"15","source_height_m":null,"height_m":48.0,"floors_estimated":15,"height_source":"levels_x_3.2m","floors_source":"source_levels","data_status":"real_footprint_derived_height","identity_status":"prototype_internal_id","display_name":"GHY-B000045"},"geometry":{"type":"Polygon","coordinates":[[[91.8166848,26.1234329],[91.8166151,26.1234642],[91.8166164,26.1234762],[91.8165815,26.1234931],[91.8165708,26.1234762],[91.8165453,26.1234858],[91.8165534,26.1234991],[91.8165198,26.1235171],[91.816434,26.1235509],[91.816426,26.1235412],[91.8163415,26.1235786],[91.8162194,26.1233823],[91.8163509,26.1233245],[91.8163388,26.123298],[91.8164099,26.1232715],[91.8164582,26.1233666],[91.8165145,26.1233438],[91.8164769,26.1232751],[91.8165051,26.1232667],[91.816485,26.1232342],[91.8165373,26.1232149],[91.8165762,26.1232769],[91.8165876,26.1232739],[91.816605,26.1233016],[91.8165945,26.1233175],[91.8166135,26.1233417],[91.8165616,26.1233612],[91.8165739,26.1233866],[91.8166469,26.1233575],[91.8166848,26.1234329]]]}},{"type":"Feature","id":"GHY-B000046","properties":{"building_id":"GHY-B000046","source_osm_id":"564710400","source_name":null,"source_type":"apartments","source_building_levels":"15","source_height_m":null,"height_m":48.0,"floors_estimated":15,"height_source":"levels_x_3.2m","floors_source":"source_levels","data_status":"real_footprint_derived_height","identity_status":"prototype_internal_id","display_name":"GHY-B000046"},"geometry":{"type":"Polygon","coordinates":[[[91.816102,26.1234019],[91.8161713,26.1235151],[91.816152,26.1235212],[91.8161702,26.1235406],[91.8161111,26.123562],[91.8161327,26.1235926],[91.8162122,26.123561],[91.8162553,26.1236334],[91.8161827,26.1236609],[91.8161895,26.123666],[91.8161384,26.1236884],[91.8161168,26.1236599],[91.8160975,26.123668],[91.8161225,26.1237007],[91.8160725,26.1237221],[91.8160646,26.1237098],[91.8160021,26.1237394],[91.8159612,26.1236711],[91.8160237,26.1236405],[91.8160078,26.123613],[91.8159692,26.1236293],[91.8159499,26.1235936],[91.8159396,26.1235936],[91.8159226,26.123563],[91.8159362,26.1235559],[91.8158942,26.1234957],[91.8159703,26.1234641],[91.8160214,26.1235549],[91.8160793,26.1235335],[91.81606,26.1234978],[91.8160668,26.1234957],[91.8160316,26.1234356],[91.816102,26.1234019]]]}},{"type":"Feature","id":"GHY-B000047","properties":{"building_id":"GHY-B000047","source_osm_id":"565369264","source_name":null,"source_type":"apartments","source_building_levels":"16","source_height_m":null,"height_m":51.2,"floors_estimated":16,"height_source":"levels_x_3.2m","floors_source":"source_levels","data_status":"real_footprint_derived_height","identity_status":"prototype_internal_id","display_name":"GHY-B000047"},"geometry":{"type":"Polygon","coordinates":[[[91.7789184,26.1649659],[91.7789412,26.1650815],[91.7789854,26.1650671],[91.7789981,26.1651372],[91.779013,26.1651305],[91.7790203,26.1651778],[91.7789264,26.1651995],[91.7789211,26.1651838],[91.7788084,26.1652115],[91.7788164,26.1652428],[91.7787641,26.1652524],[91.7787118,26.1652596],[91.7787043,26.1652255],[91.7786787,26.1652282],[91.7786694,26.1651969],[91.7786944,26.1651928],[91.778677,26.165126],[91.7785804,26.1651441],[91.7785563,26.1650502],[91.7785873,26.1650426],[91.7785854,26.1650237],[91.7786104,26.1650209],[91.7786138,26.1650417],[91.7786645,26.1650289],[91.7786617,26.1650189],[91.7786873,26.1650112],[91.7786904,26.1650212],[91.7787389,26.1650074],[91.7787811,26.1650108],[91.7787859,26.1649918],[91.7789184,26.1649659]]]}},{"type":"Feature","id":"GHY-B000048","properties":{"building_id":"GHY-B000048","source_osm_id":"565369266","source_name":null,"source_type":"apartments","source_building_levels":"16","source_height_m":null,"height_m":51.2,"floors_estimated":16,"height_source":"levels_x_3.2m","floors_source":"source_levels","data_status":"real_footprint_derived_height","identity_status":"prototype_internal_id","display_name":"GHY-B000048"},"geometry":{"type":"Polygon","coordinates":[[[91.7785242,26.1650498],[91.7785377,26.1650903],[91.7785646,26.165125],[91.7785646,26.1651525],[91.7784787,26.1651599],[91.778479,26.1651774],[91.7784979,26.1652002],[91.7785102,26.1652761],[91.7785251,26.1653063],[91.7784683,26.1653146],[91.7784596,26.1652979],[91.7784375,26.1653028],[91.7784397,26.1653158],[91.7784049,26.165323],[91.7783861,26.1652423],[91.7783566,26.1652484],[91.7783687,26.1653001],[91.7783257,26.1653073],[91.7783257,26.165317],[91.7782828,26.1653278],[91.7782828,26.1653182],[91.7781836,26.1653459],[91.7781434,26.1652447],[91.778189,26.1652315],[91.7781527,26.165122],[91.7782091,26.1651123],[91.7782453,26.1651123],[91.7782614,26.1650931],[91.778319,26.1650786],[91.7783244,26.1650967],[91.7783754,26.1650859],[91.7783673,26.1650762],[91.7785242,26.1650498]]]}},{"type":"Feature","id":"GHY-B000049","properties":{"building_id":"GHY-B000049","source_osm_id":"565369269","source_name":null,"source_type":"apartments","source_building_levels":"13","source_height_m":null,"height_m":41.6,"floors_estimated":13,"height_source":"levels_x_3.2m","floors_source":"source_levels","data_status":"real_footprint_derived_height","identity_status":"prototype_internal_id","display_name":"GHY-B000049"},"geometry":{"type":"Polygon","coordinates":[[[91.780228,26.1634687],[91.7800429,26.1634567],[91.7800456,26.1634182],[91.7799329,26.1634085],[91.7799329,26.1634398],[91.7797586,26.1634254],[91.7797639,26.1634567],[91.7797693,26.1635819],[91.7795789,26.1635795],[91.7795789,26.1635433],[91.7794635,26.1635361],[91.7794608,26.1635746],[91.7792731,26.1635578],[91.7792892,26.1633628],[91.7797934,26.1633676],[91.7797908,26.1632232],[91.7802441,26.1632785],[91.780228,26.1634687]]]}},{"type":"Feature","id":"GHY-B000050","properties":{"building_id":"GHY-B000050","source_osm_id":"565369270","source_name":null,"source_type":"apartments","source_building_levels":"13","source_height_m":null,"height_m":41.6,"floors_estimated":13,"height_source":"levels_x_3.2m","floors_source":"source_levels","data_status":"real_footprint_derived_height","identity_status":"prototype_internal_id","display_name":"GHY-B000050"},"geometry":{"type":"Polygon","coordinates":[[[91.7802441,26.162785],[91.7802291,26.1629846],[91.7801506,26.1629768],[91.7801558,26.1629516],[91.7799786,26.1629334],[91.7799791,26.1629595],[91.7798889,26.1629483],[91.779901,26.1631287],[91.7798034,26.1631212],[91.7797937,26.1631011],[91.779746,26.1631023],[91.7797381,26.1630761],[91.7796499,26.1630688],[91.7796379,26.1630956],[91.7796084,26.1630956],[91.7796084,26.1631148],[91.779536,26.1631124],[91.779536,26.1632833],[91.7794823,26.1632833],[91.7794206,26.1632833],[91.7794153,26.1632641],[91.779367,26.1632641],[91.7793643,26.1632376],[91.7792704,26.1632376],[91.7792704,26.1632593],[91.7792382,26.1632593],[91.7792382,26.1632785],[91.7791363,26.1632689],[91.7791256,26.1630691],[91.7795306,26.1630811],[91.7795118,26.1629078],[91.7798846,26.1629198],[91.779882,26.1627465],[91.7802441,26.162785]]]}},{"type":"Feature","id":"GHY-B000051","properties":{"building_id":"GHY-B000051","source_osm_id":"570453351","source_name":null,"source_type":"apartments","source_building_levels":"6","source_height_m":null,"height_m":19.2,"floors_estimated":6,"height_source":"levels_x_3.2m","floors_source":"source_levels","data_status":"real_footprint_derived_height","identity_status":"prototype_internal_id","display_name":"GHY-B000051"},"geometry":{"type":"Polygon","coordinates":[[[91.6275755,26.1382951],[91.6272848,26.1383009],[91.6272791,26.1380732],[91.6275698,26.1380673],[91.6275755,26.1382951]]]}},{"type":"Feature","id":"GHY-B000052","properties":{"building_id":"GHY-B000052","source_osm_id":"570453353","source_name":"Lake View Apartments","source_type":"apartments","source_building_levels":"6","source_height_m":null,"height_m":19.2,"floors_estimated":6,"height_source":"levels_x_3.2m","floors_source":"source_levels","data_status":"real_footprint_derived_height","identity_status":"prototype_internal_id","display_name":"Lake View Apartments"},"geometry":{"type":"Polygon","coordinates":[[[91.6280575,26.1379034],[91.6280079,26.1379051],[91.6280042,26.1378172],[91.6285723,26.1377981],[91.6285764,26.1378952],[91.6284126,26.1379007],[91.6282559,26.137906],[91.6282602,26.1380102],[91.6282259,26.1380114],[91.6282271,26.1380403],[91.6282822,26.1380385],[91.6282846,26.1380954],[91.6282754,26.1380957],[91.6282779,26.1381565],[91.6282,26.1381591],[91.6281995,26.1381477],[91.6281483,26.1381494],[91.6281491,26.1381693],[91.6280694,26.138172],[91.6280673,26.1381219],[91.6280666,26.138122],[91.6280575,26.1379034]]]}},{"type":"Feature","id":"GHY-B000053","properties":{"building_id":"GHY-B000053","source_osm_id":"570453353","source_name":"Lake View Apartments","source_type":"apartments","source_building_levels":"6","source_height_m":null,"height_m":19.2,"floors_estimated":6,"height_source":"levels_x_3.2m","floors_source":"source_levels","data_status":"real_footprint_derived_height","identity_status":"prototype_internal_id","display_name":"Lake View Apartments"},"geometry":{"type":"Polygon","coordinates":[[[91.6283381,26.1381539],[91.6283317,26.1380019],[91.6283695,26.1380006],[91.6283665,26.1379299],[91.6284137,26.1379283],[91.6284126,26.1379007],[91.6285764,26.1378952],[91.6285868,26.1381456],[91.6283381,26.1381539]]]}},{"type":"Feature","id":"GHY-B000054","properties":{"building_id":"GHY-B000054","source_osm_id":"570453364","source_name":null,"source_type":"apartments","source_building_levels":"8","source_height_m":null,"height_m":25.6,"floors_estimated":8,"height_source":"levels_x_3.2m","floors_source":"source_levels","data_status":"real_footprint_derived_height","identity_status":"prototype_internal_id","display_name":"GHY-B000054"},"geometry":{"type":"Polygon","coordinates":[[[91.6287323,26.1386524],[91.6287306,26.1384658],[91.6287278,26.1381624],[91.6287232,26.1376491],[91.6288275,26.1376484],[91.6288366,26.1386517],[91.6287323,26.1386524]]]}},{"type":"Feature","id":"GHY-B000055","properties":{"building_id":"GHY-B000055","source_osm_id":"570453366","source_name":null,"source_type":"apartments","source_building_levels":"4","source_height_m":null,"height_m":12.8,"floors_estimated":4,"height_source":"levels_x_3.2m","floors_source":"source_levels","data_status":"real_footprint_derived_height","identity_status":"prototype_internal_id","display_name":"GHY-B000055"},"geometry":{"type":"Polygon","coordinates":[[[91.6309063,26.1374833],[91.6309012,26.137596],[91.6308206,26.137593],[91.6308158,26.1376975],[91.6308865,26.1377001],[91.63088,26.1378416],[91.6306018,26.1378314],[91.6306104,26.1376417],[91.6307036,26.1376451],[91.6307051,26.137612],[91.6307538,26.1376138],[91.6307557,26.1375712],[91.6306506,26.1375673],[91.6306549,26.137474],[91.6309063,26.1374833]]]}},{"type":"Feature","id":"GHY-B000056","properties":{"building_id":"GHY-B000056","source_osm_id":"570453368","source_name":null,"source_type":"apartments","source_building_levels":"6","source_height_m":null,"height_m":19.2,"floors_estimated":6,"height_source":"levels_x_3.2m","floors_source":"source_levels","data_status":"real_footprint_derived_height","identity_status":"prototype_internal_id","display_name":"GHY-B000056"},"geometry":{"type":"Polygon","coordinates":[[[91.6310795,26.1379884],[91.6310825,26.1378706],[91.631309,26.1378752],[91.631306,26.137993],[91.6310795,26.1379884]]]}},{"type":"Feature","id":"GHY-B000057","properties":{"building_id":"GHY-B000057","source_osm_id":"570455502","source_name":null,"source_type":"apartments","source_building_levels":"6","source_height_m":null,"height_m":19.2,"floors_estimated":6,"height_source":"levels_x_3.2m","floors_source":"source_levels","data_status":"real_footprint_derived_height","identity_status":"prototype_internal_id","display_name":"GHY-B000057"},"geometry":{"type":"Polygon","coordinates":[[[91.6198274,26.1300462],[91.6194357,26.1301271],[91.6193966,26.1299746],[91.6191194,26.1300319],[91.6190153,26.1296257],[91.6187656,26.1296773],[91.6187353,26.1295588],[91.6196974,26.1293601],[91.6197243,26.1294654],[91.6193691,26.1295388],[91.6193911,26.1296244],[91.6195663,26.1295882],[91.6195946,26.1296985],[91.6194,26.1297387],[91.6194363,26.1298805],[91.6197674,26.1298121],[91.6198274,26.1300462]]]}},{"type":"Feature","id":"GHY-B000058","properties":{"building_id":"GHY-B000058","source_osm_id":"570455503","source_name":null,"source_type":"apartments","source_building_levels":"10","source_height_m":null,"height_m":32.0,"floors_estimated":10,"height_source":"levels_x_3.2m","floors_source":"source_levels","data_status":"real_footprint_derived_height","identity_status":"prototype_internal_id","display_name":"GHY-B000058"},"geometry":{"type":"Polygon","coordinates":[[[91.618685,26.1304729],[91.6184328,26.1305274],[91.6183768,26.1302926],[91.6186196,26.1302423],[91.618685,26.1304729]]]}},{"type":"Feature","id":"GHY-B000059","properties":{"building_id":"GHY-B000059","source_osm_id":"570455504","source_name":null,"source_type":"apartments","source_building_levels":"10","source_height_m":null,"height_m":32.0,"floors_estimated":10,"height_source":"levels_x_3.2m","floors_source":"source_levels","data_status":"real_footprint_derived_height","identity_status":"prototype_internal_id","display_name":"GHY-B000059"},"geometry":{"type":"Polygon","coordinates":[[[91.6180836,26.1306154],[91.6179546,26.1306381],[91.6179654,26.1306878],[91.6176482,26.1307434],[91.6176155,26.1305926],[91.6175342,26.1306068],[91.6175632,26.1307408],[91.6173029,26.1307862],[91.6172991,26.1307685],[91.6171593,26.1307925],[91.6171218,26.1306163],[91.6172745,26.1305902],[91.6172567,26.1305064],[91.6175063,26.1304637],[91.6175301,26.1305761],[91.6175884,26.1305662],[91.617564,26.1304508],[91.61803,26.1303698],[91.6180836,26.1306154]]]}},{"type":"Feature","id":"GHY-B000060","properties":{"building_id":"GHY-B000060","source_osm_id":"570455513","source_name":null,"source_type":"apartments","source_building_levels":"8","source_height_m":null,"height_m":25.6,"floors_estimated":8,"height_source":"levels_x_3.2m","floors_source":"source_levels","data_status":"real_footprint_derived_height","identity_status":"prototype_internal_id","display_name":"GHY-B000060"},"geometry":{"type":"Polygon","coordinates":[[[91.604376,26.0983645],[91.6043079,26.0976064],[91.6045919,26.0975858],[91.6046601,26.0983439],[91.604376,26.0983645]]]}},{"type":"Feature","id":"GHY-B000061","properties":{"building_id":"GHY-B000061","source_osm_id":"570455514","source_name":null,"source_type":"apartments","source_building_levels":"6","source_height_m":null,"height_m":19.2,"floors_estimated":6,"height_source":"levels_x_3.2m","floors_source":"source_levels","data_status":"real_footprint_derived_height","identity_status":"prototype_internal_id","display_name":"GHY-B000061"},"geometry":{"type":"Polygon","coordinates":[[[91.6044728,26.0975216],[91.6044728,26.0973665],[91.6046476,26.0973665],[91.6046476,26.0975216],[91.6044728,26.0975216]]]}},{"type":"Feature","id":"GHY-B000062","properties":{"building_id":"GHY-B000062","source_osm_id":"570473510","source_name":null,"source_type":"apartments","source_building_levels":"10","source_height_m":null,"height_m":32.0,"floors_estimated":10,"height_source":"levels_x_3.2m","floors_source":"source_levels","data_status":"real_footprint_derived_height","identity_status":"prototype_internal_id","display_name":"GHY-B000062"},"geometry":{"type":"Polygon","coordinates":[[[91.6784505,26.1479564],[91.6789353,26.1480247],[91.6789157,26.1481393],[91.6784301,26.1480705],[91.6784505,26.1479564]]]}},{"type":"Feature","id":"GHY-B000063","properties":{"building_id":"GHY-B000063","source_osm_id":"570482615","source_name":null,"source_type":"apartments","source_building_levels":"3","source_height_m":null,"height_m":9.6,"floors_estimated":3,"height_source":"levels_x_3.2m","floors_source":"source_levels","data_status":"real_footprint_derived_height","identity_status":"prototype_internal_id","display_name":"GHY-B000063"},"geometry":{"type":"Polygon","coordinates":[[[91.7302876,26.1090533],[91.7302321,26.1088071],[91.7308914,26.1087019],[91.7309407,26.1089565],[91.7302876,26.1090533]]]}},{"type":"Feature","id":"GHY-B000064","properties":{"building_id":"GHY-B000064","source_osm_id":"570482616","source_name":null,"source_type":"apartments","source_building_levels":"4","source_height_m":null,"height_m":12.8,"floors_estimated":4,"height_source":"levels_x_3.2m","floors_source":"source_levels","data_status":"real_footprint_derived_height","identity_status":"prototype_internal_id","display_name":"GHY-B000064"},"geometry":{"type":"Polygon","coordinates":[[[91.7302845,26.1087296],[91.7302537,26.1085083],[91.730913,26.1084059],[91.73095,26.1086604],[91.7302845,26.1087296]]]}},{"type":"Feature","id":"GHY-B000065","properties":{"building_id":"GHY-B000065","source_osm_id":"570482617","source_name":null,"source_type":"apartments","source_building_levels":"6","source_height_m":null,"height_m":19.2,"floors_estimated":6,"height_source":"levels_x_3.2m","floors_source":"source_levels","data_status":"real_footprint_derived_height","identity_status":"prototype_internal_id","display_name":"GHY-B000065"},"geometry":{"type":"Polygon","coordinates":[[[91.7308637,26.1082067],[91.7303369,26.1079854],[91.7304693,26.1076893],[91.7311718,26.1079577],[91.7310886,26.1081237],[91.7309253,26.1080684],[91.7308637,26.1082067]]]}},{"type":"Feature","id":"GHY-B000066","properties":{"building_id":"GHY-B000066","source_osm_id":"570482618","source_name":null,"source_type":"apartments","source_building_levels":"6","source_height_m":null,"height_m":19.2,"floors_estimated":6,"height_source":"levels_x_3.2m","floors_source":"source_levels","data_status":"real_footprint_derived_height","identity_status":"prototype_internal_id","display_name":"GHY-B000066"},"geometry":{"type":"Polygon","coordinates":[[[91.7311718,26.107883],[91.7304077,26.1075842],[91.7304817,26.107396],[91.7312488,26.1077253],[91.7311718,26.107883]]]}},{"type":"Feature","id":"GHY-B000067","properties":{"building_id":"GHY-B000067","source_osm_id":"570482619","source_name":null,"source_type":"apartments","source_building_levels":"10","source_height_m":null,"height_m":32.0,"floors_estimated":10,"height_source":"levels_x_3.2m","floors_source":"source_levels","data_status":"real_footprint_derived_height","identity_status":"prototype_internal_id","display_name":"GHY-B000067"},"geometry":{"type":"Polygon","coordinates":[[[91.729296,26.1133351],[91.7291403,26.1133637],[91.7290836,26.113065],[91.7292535,26.1130396],[91.729296,26.1133351]]]}},{"type":"Feature","id":"GHY-B000068","properties":{"building_id":"GHY-B000068","source_osm_id":"574855085","source_name":"Roshan Gulgulia","source_type":"","source_building_levels":"1","source_height_m":null,"height_m":3.2,"floors_estimated":1,"height_source":"levels_x_3.2m","floors_source":"source_levels","data_status":"real_footprint_derived_height","identity_status":"prototype_internal_id","display_name":"Roshan Gulgulia"},"geometry":{"type":"Polygon","coordinates":[[[91.7380094,26.1816131],[91.7377419,26.1812903],[91.7381992,26.1809852],[91.7384666,26.181308],[91.7380094,26.1816131]]]}},{"type":"Feature","id":"GHY-B000069","properties":{"building_id":"GHY-B000069","source_osm_id":"574855087","source_name":null,"source_type":"apartments","source_building_levels":"10","source_height_m":null,"height_m":32.0,"floors_estimated":10,"height_source":"levels_x_3.2m","floors_source":"source_levels","data_status":"real_footprint_derived_height","identity_status":"prototype_internal_id","display_name":"GHY-B000069"},"geometry":{"type":"Polygon","coordinates":[[[91.7327076,26.1756586],[91.7326568,26.1756212],[91.7328093,26.1754332],[91.7328493,26.1753599],[91.7328986,26.1752825],[91.7329248,26.1752715],[91.7329726,26.1752867],[91.7329849,26.1753143],[91.7329048,26.175418],[91.7328786,26.1754595],[91.7328046,26.1755535],[91.7327076,26.1756586]]]}},{"type":"Feature","id":"GHY-B000070","properties":{"building_id":"GHY-B000070","source_osm_id":"574855088","source_name":null,"source_type":"apartments","source_building_levels":"5","source_height_m":null,"height_m":16.0,"floors_estimated":5,"height_source":"levels_x_3.2m","floors_source":"source_levels","data_status":"real_footprint_derived_height","identity_status":"prototype_internal_id","display_name":"GHY-B000070"},"geometry":{"type":"Polygon","coordinates":[[[91.7458216,26.1862132],[91.7458846,26.1860435],[91.7460434,26.1859764],[91.7462139,26.1860162],[91.7463189,26.1861671],[91.7462652,26.1863305],[91.7461088,26.1863997],[91.7459197,26.1863557],[91.7458216,26.1862132]]]}},{"type":"Feature","id":"GHY-B000071","properties":{"building_id":"GHY-B000071","source_osm_id":"574883145","source_name":null,"source_type":"apartments","source_building_levels":"5","source_height_m":null,"height_m":16.0,"floors_estimated":5,"height_source":"levels_x_3.2m","floors_source":"source_levels","data_status":"real_footprint_derived_height","identity_status":"prototype_internal_id","display_name":"GHY-B000071"},"geometry":{"type":"Polygon","coordinates":[[[91.7646771,26.1990679],[91.7643125,26.1988367],[91.764432,26.1986849],[91.7645896,26.1987849],[91.7645621,26.1988199],[91.764654,26.1988781],[91.7646793,26.198846],[91.7647944,26.198919],[91.7646771,26.1990679]]]}},{"type":"Feature","id":"GHY-B000072","properties":{"building_id":"GHY-B000072","source_osm_id":"574883515","source_name":"DC Residence","source_type":"","source_building_levels":"1","source_height_m":"8","height_m":8.0,"floors_estimated":1,"height_source":"source_height","floors_source":"source_levels","data_status":"real_footprint_derived_height","identity_status":"prototype_internal_id","display_name":"DC Residence"},"geometry":{"type":"Polygon","coordinates":[[[91.7614594,26.1987497],[91.7613999,26.1987239],[91.7614233,26.1986804],[91.7614144,26.1986518],[91.7613295,26.1986074],[91.7613295,26.1985708],[91.7614032,26.1984535],[91.7614672,26.1984859],[91.7614456,26.1985203],[91.7614763,26.1985359],[91.7614887,26.198528],[91.7616034,26.1985776],[91.7615901,26.1986025],[91.7616529,26.1986296],[91.761623,26.1986853],[91.7615667,26.198661],[91.7615452,26.198701],[91.7614968,26.1986801],[91.7614594,26.1987497]]]}},{"type":"Feature","id":"GHY-B000073","properties":{"building_id":"GHY-B000073","source_osm_id":"579306235","source_name":"Great Eastern Trading Co.","source_type":"commercial","source_building_levels":"5","source_height_m":null,"height_m":16.0,"floors_estimated":5,"height_source":"levels_x_3.2m","floors_source":"source_levels","data_status":"real_footprint_derived_height","identity_status":"prototype_internal_id","display_name":"Great Eastern Trading Co."},"geometry":{"type":"Polygon","coordinates":[[[91.8006366,26.1385363],[91.8002115,26.138123],[91.8003357,26.13802],[91.800761,26.1384331],[91.8006366,26.1385363]]]}},{"type":"Feature","id":"GHY-B000074","properties":{"building_id":"GHY-B000074","source_osm_id":"579306237","source_name":"Downtown Hospital","source_type":"hospital","source_building_levels":"10","source_height_m":null,"height_m":32.0,"floors_estimated":10,"height_source":"levels_x_3.2m","floors_source":"source_levels","data_status":"real_footprint_derived_height","identity_status":"prototype_internal_id","display_name":"Downtown Hospital"},"geometry":{"type":"Polygon","coordinates":[[[91.799553,26.1387554],[91.799541,26.138603],[91.8001753,26.1385628],[91.8001873,26.138715],[91.799553,26.1387554]]]}},{"type":"Feature","id":"GHY-B000075","properties":{"building_id":"GHY-B000075","source_osm_id":"579306239","source_name":null,"source_type":"apartments","source_building_levels":"5","source_height_m":null,"height_m":16.0,"floors_estimated":5,"height_source":"levels_x_3.2m","floors_source":"source_levels","data_status":"real_footprint_derived_height","identity_status":"prototype_internal_id","display_name":"GHY-B000075"},"geometry":{"type":"Polygon","coordinates":[[[91.8029536,26.137464],[91.8029041,26.137479],[91.8028938,26.1374514],[91.8028506,26.1374645],[91.8028429,26.1374438],[91.8028113,26.1374533],[91.802801,26.1374258],[91.802756,26.1374393],[91.8027556,26.1374215],[91.8027166,26.1374328],[91.8027087,26.137411],[91.8026588,26.1374255],[91.8026529,26.1374092],[91.8026139,26.1374206],[91.8026057,26.1373978],[91.8025652,26.1374097],[91.802559,26.1373926],[91.8025236,26.137403],[91.8025147,26.1373787],[91.8024674,26.1373927],[91.8024592,26.1373703],[91.8024277,26.1373796],[91.8024159,26.1373474],[91.80238,26.137358],[91.8023292,26.1372203],[91.8023587,26.1372115],[91.8023398,26.1371605],[91.8023079,26.13717],[91.8022639,26.1370515],[91.8022913,26.1370433],[91.8022987,26.1370631],[91.802354,26.1370464],[91.8023597,26.1370616],[91.8023984,26.1370498],[91.8024069,26.1370725],[91.8024415,26.137062],[91.8024501,26.1370848],[91.8024875,26.1370734],[91.8024969,26.1370982],[91.802539,26.1370854],[91.8025469,26.1371063],[91.8025829,26.1370953],[91.8025937,26.1371237],[91.802633,26.1371117],[91.8026412,26.1371332],[91.8026741,26.1371232],[91.8026829,26.1371466],[91.8027233,26.1371343],[91.8027321,26.1371575],[91.802764,26.1371478],[91.8027754,26.137178],[91.8028226,26.1371636],[91.8028408,26.1372119],[91.8028304,26.1372151],[91.8028399,26.1372403],[91.8028547,26.1372358],[91.8028778,26.1372974],[91.8028629,26.1373019],[91.8028725,26.1373274],[91.8028995,26.1373192],[91.8029536,26.137464]]]}},{"type":"Feature","id":"GHY-B000076","properties":{"building_id":"GHY-B000076","source_osm_id":"579306244","source_name":null,"source_type":"apartments","source_building_levels":"5","source_height_m":null,"height_m":16.0,"floors_estimated":5,"height_source":"levels_x_3.2m","floors_source":"source_levels","data_status":"real_footprint_derived_height","identity_status":"prototype_internal_id","display_name":"GHY-B000076"},"geometry":{"type":"Polygon","coordinates":[[[91.8023506,26.1374335],[91.8022873,26.1374551],[91.8022772,26.1374313],[91.8022393,26.1374443],[91.8022313,26.1374255],[91.8021589,26.1374505],[91.802149,26.1374273],[91.8021247,26.1374357],[91.8021181,26.1374205],[91.8020779,26.1374346],[91.8020656,26.1374063],[91.8020236,26.1374211],[91.8020139,26.1373989],[91.8019382,26.1374257],[91.8018829,26.1373002],[91.8019291,26.1372838],[91.8019401,26.1373088],[91.8020106,26.1372838],[91.8020035,26.1372676],[91.8020103,26.1372653],[91.8020219,26.1372922],[91.8020573,26.1372799],[91.8020639,26.1372951],[91.8020997,26.1372827],[91.8021085,26.1373033],[91.8021579,26.1372863],[91.802165,26.1373028],[91.8022064,26.1372886],[91.8021997,26.1372726],[91.8022363,26.1372601],[91.8022475,26.1372865],[91.8022832,26.1372743],[91.8023506,26.1374335]]]}},{"type":"Feature","id":"GHY-B000077","properties":{"building_id":"GHY-B000077","source_osm_id":"579306247","source_name":null,"source_type":"","source_building_levels":"4","source_height_m":null,"height_m":12.8,"floors_estimated":4,"height_source":"levels_x_3.2m","floors_source":"source_levels","data_status":"real_footprint_derived_height","identity_status":"prototype_internal_id","display_name":"GHY-B000077"},"geometry":{"type":"Polygon","coordinates":[[[91.8021629,26.1371953],[91.8019702,26.137202],[91.8019681,26.1371528],[91.8019523,26.1371533],[91.8019453,26.1369907],[91.80208,26.1369861],[91.8020814,26.1370173],[91.8021352,26.1370154],[91.8021362,26.1370373],[91.802156,26.1370366],[91.8021629,26.1371953]]]}},{"type":"Feature","id":"GHY-B000078","properties":{"building_id":"GHY-B000078","source_osm_id":"579306253","source_name":null,"source_type":"","source_building_levels":"4","source_height_m":null,"height_m":12.8,"floors_estimated":4,"height_source":"levels_x_3.2m","floors_source":"source_levels","data_status":"real_footprint_derived_height","identity_status":"prototype_internal_id","display_name":"GHY-B000078"},"geometry":{"type":"Polygon","coordinates":[[[91.801987,26.1367531],[91.8020291,26.136614],[91.8021642,26.136647],[91.8021591,26.136664],[91.8021967,26.1366731],[91.8021874,26.1367037],[91.8023208,26.1367362],[91.8022867,26.136849],[91.802191,26.1368257],[91.8021824,26.1368539],[91.8020818,26.1368293],[91.8020968,26.1367799],[91.801987,26.1367531]]]}},{"type":"Feature","id":"GHY-B000079","properties":{"building_id":"GHY-B000079","source_osm_id":"579306256","source_name":null,"source_type":"","source_building_levels":"6","source_height_m":null,"height_m":19.2,"floors_estimated":6,"height_source":"levels_x_3.2m","floors_source":"source_levels","data_status":"real_footprint_derived_height","identity_status":"prototype_internal_id","display_name":"GHY-B000079"},"geometry":{"type":"Polygon","coordinates":[[[91.802125,26.1365748],[91.8021717,26.1364387],[91.8030553,26.1366832],[91.8030256,26.1367697],[91.8029675,26.1368078],[91.802125,26.1365748]]]}},{"type":"Feature","id":"GHY-B000080","properties":{"building_id":"GHY-B000080","source_osm_id":"579306258","source_name":null,"source_type":"","source_building_levels":"4","source_height_m":null,"height_m":12.8,"floors_estimated":4,"height_source":"levels_x_3.2m","floors_source":"source_levels","data_status":"real_footprint_derived_height","identity_status":"prototype_internal_id","display_name":"GHY-B000080"},"geometry":{"type":"Polygon","coordinates":[[[91.802744,26.1362002],[91.8026384,26.1360893],[91.8028858,26.1358995],[91.8029359,26.1359522],[91.8028477,26.1360199],[91.8029031,26.1360781],[91.802744,26.1362002]]]}},{"type":"Feature","id":"GHY-B000081","properties":{"building_id":"GHY-B000081","source_osm_id":"579306260","source_name":null,"source_type":"","source_building_levels":"3","source_height_m":null,"height_m":9.6,"floors_estimated":3,"height_source":"levels_x_3.2m","floors_source":"source_levels","data_status":"real_footprint_derived_height","identity_status":"prototype_internal_id","display_name":"GHY-B000081"},"geometry":{"type":"Polygon","coordinates":[[[91.8033351,26.1361429],[91.8033351,26.1360885],[91.8033705,26.1360885],[91.8033705,26.1360731],[91.8034057,26.1360732],[91.8034057,26.1360595],[91.8033703,26.1360595],[91.8033703,26.1360432],[91.8033457,26.1360432],[91.8033457,26.1359888],[91.8035178,26.1359889],[91.8035178,26.1360486],[91.8034937,26.1360486],[91.8034937,26.1360928],[91.803516,26.1360928],[91.8035159,26.1361431],[91.8033351,26.1361429]]]}},{"type":"Feature","id":"GHY-B000082","properties":{"building_id":"GHY-B000082","source_osm_id":"579306263","source_name":null,"source_type":"","source_building_levels":"3","source_height_m":null,"height_m":9.6,"floors_estimated":3,"height_source":"levels_x_3.2m","floors_source":"source_levels","data_status":"real_footprint_derived_height","identity_status":"prototype_internal_id","display_name":"GHY-B000082"},"geometry":{"type":"Polygon","coordinates":[[[91.8035183,26.1363482],[91.8033352,26.1363478],[91.8033353,26.1362898],[91.8033698,26.1362899],[91.8033698,26.1362789],[91.8034055,26.136279],[91.8034056,26.1362636],[91.8033675,26.1362635],[91.8033676,26.136247],[91.8033407,26.136247],[91.8033408,26.1361878],[91.8035238,26.1361881],[91.8035237,26.1362439],[91.8035027,26.1362439],[91.8035025,26.1362934],[91.8035185,26.1362934],[91.8035183,26.1363482]]]}},{"type":"Feature","id":"GHY-B000083","properties":{"building_id":"GHY-B000083","source_osm_id":"579306265","source_name":null,"source_type":"","source_building_levels":"6","source_height_m":null,"height_m":19.2,"floors_estimated":6,"height_source":"levels_x_3.2m","floors_source":"source_levels","data_status":"real_footprint_derived_height","identity_status":"prototype_internal_id","display_name":"GHY-B000083"},"geometry":{"type":"Polygon","coordinates":[[[91.8123414,26.1277932],[91.812178,26.1276748],[91.8121751,26.1276439],[91.8121178,26.1276207],[91.811854,26.1275821],[91.811854,26.1274663],[91.8118053,26.1274663],[91.8118053,26.1273711],[91.8118626,26.1273711],[91.8118598,26.127335],[91.811963,26.1273299],[91.8119802,26.127492],[91.8122496,26.1275358],[91.8122324,26.127613],[91.8124045,26.1277263],[91.8123414,26.1277932]]]}},{"type":"Feature","id":"GHY-B000084","properties":{"building_id":"GHY-B000084","source_osm_id":"585144948","source_name":"Ideal Hill View Apartment","source_type":"apartments","source_building_levels":"10","source_height_m":null,"height_m":32.0,"floors_estimated":10,"height_source":"levels_x_3.2m","floors_source":"source_levels","data_status":"real_footprint_derived_height","identity_status":"prototype_internal_id","display_name":"Ideal Hill View Apartment"},"geometry":{"type":"Polygon","coordinates":[[[91.8314889,26.1711762],[91.8313628,26.1711343],[91.8311994,26.1709499],[91.8311947,26.1708745],[91.8310733,26.1708409],[91.8309612,26.1708451],[91.8308351,26.170799],[91.8305269,26.1706942],[91.8302327,26.1705601],[91.8300739,26.1704637],[91.8300319,26.1702877],[91.8300926,26.1702374],[91.8302327,26.1702919],[91.8305876,26.1704428],[91.8310686,26.1706356],[91.8313815,26.1707529],[91.8315916,26.1708703],[91.8316337,26.1710379],[91.8314889,26.1711762]]]}},{"type":"Feature","id":"GHY-B000085","properties":{"building_id":"GHY-B000085","source_osm_id":"631588867","source_name":"Department of Instrumentation & USIC, Gauhati University","source_type":"university","source_building_levels":"3","source_height_m":null,"height_m":9.6,"floors_estimated":3,"height_source":"levels_x_3.2m","floors_source":"source_levels","data_status":"real_footprint_derived_height","identity_status":"prototype_internal_id","display_name":"Department of Instrumentation & USIC, Gauhati University"},"geometry":{"type":"Polygon","coordinates":[[[91.6587808,26.152285],[91.6588666,26.1521064],[91.6590095,26.1521617],[91.6589236,26.1523403],[91.6587808,26.152285]]]}},{"type":"Feature","id":"GHY-B000086","properties":{"building_id":"GHY-B000086","source_osm_id":"631589369","source_name":"Workshop, Department of Instrumentation & USIC, Gauhati University","source_type":"university","source_building_levels":"3","source_height_m":null,"height_m":9.6,"floors_estimated":3,"height_source":"levels_x_3.2m","floors_source":"source_levels","data_status":"real_footprint_derived_height","identity_status":"prototype_internal_id","display_name":"Workshop, Department of Instrumentation & USIC, Gauhati University"},"geometry":{"type":"Polygon","coordinates":[[[91.6587386,26.1523431],[91.6588393,26.1523786],[91.658773,26.1525302],[91.6586722,26.1524946],[91.6587386,26.1523431]]]}},{"type":"Feature","id":"GHY-B000087","properties":{"building_id":"GHY-B000087","source_osm_id":"631589627","source_name":"Department of Instrumentation & USIC, Annexe","source_type":"university","source_building_levels":"1","source_height_m":null,"height_m":3.2,"floors_estimated":1,"height_source":"levels_x_3.2m","floors_source":"source_levels","data_status":"real_footprint_derived_height","identity_status":"prototype_internal_id","display_name":"Department of Instrumentation & USIC, Annexe"},"geometry":{"type":"Polygon","coordinates":[[[91.6581667,26.1525687],[91.6582214,26.1524442],[91.6583549,26.1524915],[91.6583003,26.1526159],[91.6581667,26.1525687]]]}},{"type":"Feature","id":"GHY-B000088","properties":{"building_id":"GHY-B000088","source_osm_id":"631591511","source_name":"Department of Chemistry, Gauhati University","source_type":"university","source_building_levels":"2","source_height_m":null,"height_m":6.4,"floors_estimated":2,"height_source":"levels_x_3.2m","floors_source":"source_levels","data_status":"real_footprint_derived_height","identity_status":"prototype_internal_id","display_name":"Department of Chemistry, Gauhati University"},"geometry":{"type":"Polygon","coordinates":[[[91.6594093,26.1527147],[91.6594947,26.152534],[91.6595771,26.1525654],[91.6595505,26.1526217],[91.6597374,26.1526928],[91.6597686,26.1526267],[91.659949,26.1526954],[91.6599181,26.152761],[91.6601011,26.1528306],[91.6601227,26.152785],[91.6601973,26.1528134],[91.6601167,26.152984],[91.6594093,26.1527147]]]}},{"type":"Feature","id":"GHY-B000089","properties":{"building_id":"GHY-B000089","source_osm_id":"640770642","source_name":"Lohit Hostel","source_type":"dormitory","source_building_levels":"4","source_height_m":null,"height_m":12.8,"floors_estimated":4,"height_source":"levels_x_3.2m","floors_source":"source_levels","data_status":"real_footprint_derived_height","identity_status":"prototype_internal_id","display_name":"Lohit Hostel"},"geometry":{"type":"Polygon","coordinates":[[[91.6982006,26.1903806],[91.6979609,26.1881316],[91.6986748,26.1880568],[91.6987842,26.1890855],[91.6988884,26.1890808],[91.6989197,26.1893987],[91.6988311,26.1893987],[91.6988884,26.1903479],[91.6982006,26.1903806]]]}},{"type":"Feature","id":"GHY-B000090","properties":{"building_id":"GHY-B000090","source_osm_id":"660080016","source_name":"BSNL OFFICE","source_type":"","source_building_levels":"4","source_height_m":null,"height_m":12.8,"floors_estimated":4,"height_source":"levels_x_3.2m","floors_source":"source_levels","data_status":"real_footprint_derived_height","identity_status":"prototype_internal_id","display_name":"BSNL OFFICE"},"geometry":{"type":"Polygon","coordinates":[[[91.7924616,26.1344533],[91.7920846,26.1342972],[91.7921709,26.1341291],[91.792548,26.1342853],[91.7924616,26.1344533]]]}},{"type":"Feature","id":"GHY-B000091","properties":{"building_id":"GHY-B000091","source_osm_id":"724688431","source_name":"Assam Down Town University Block A","source_type":"","source_building_levels":"4","source_height_m":"15","height_m":15.0,"floors_estimated":4,"height_source":"source_height","floors_source":"source_levels","data_status":"real_footprint_derived_height","identity_status":"prototype_internal_id","display_name":"Assam Down Town University Block A"},"geometry":{"type":"Polygon","coordinates":[[[91.8611454,26.2019196],[91.8608001,26.2014549],[91.8610241,26.2013084],[91.8610801,26.201367],[91.8611267,26.2013544],[91.8611594,26.2013921],[91.8613227,26.2012916],[91.8616026,26.2016475],[91.8611454,26.2019196]]]}},{"type":"Feature","id":"GHY-B000092","properties":{"building_id":"GHY-B000092","source_osm_id":"724688432","source_name":"Assam Down Town University Block B","source_type":"","source_building_levels":"3","source_height_m":"12","height_m":12.0,"floors_estimated":3,"height_source":"source_height","floors_source":"source_levels","data_status":"real_footprint_derived_height","identity_status":"prototype_internal_id","display_name":"Assam Down Town University Block B"},"geometry":{"type":"Polygon","coordinates":[[[91.8614487,26.2021707],[91.861374,26.202087],[91.8619386,26.20166],[91.8620179,26.2017521],[91.8614487,26.2021707]]]}},{"type":"Feature","id":"GHY-B000093","properties":{"building_id":"GHY-B000093","source_osm_id":"724688432","source_name":"Assam Down Town University Academic Building","source_type":"","source_building_levels":"5","source_height_m":"17","height_m":17.0,"floors_estimated":5,"height_source":"source_height","floors_source":"source_levels","data_status":"real_footprint_derived_height","identity_status":"prototype_internal_id","display_name":"Assam Down Town University Academic Building"},"geometry":{"type":"Polygon","coordinates":[[[91.8620179,26.2017521],[91.8619386,26.20166],[91.8618499,26.2015763],[91.8621998,26.2013251],[91.8627877,26.2019154],[91.8624238,26.2021372],[91.8622698,26.2019824],[91.8620179,26.2017521]]]}},{"type":"Feature","id":"GHY-B000094","properties":{"building_id":"GHY-B000094","source_osm_id":"724688667","source_name":"ADU Girls Hostel-1","source_type":"","source_building_levels":"3","source_height_m":"12","height_m":12.0,"floors_estimated":3,"height_source":"source_height","floors_source":"source_levels","data_status":"real_footprint_derived_height","identity_status":"prototype_internal_id","display_name":"ADU Girls Hostel-1"},"geometry":{"type":"Polygon","coordinates":[[[91.8616327,26.201296],[91.8615651,26.2012051],[91.8619157,26.2010307],[91.8619622,26.2011217],[91.8616327,26.201296]]]}},{"type":"Feature","id":"GHY-B000095","properties":{"building_id":"GHY-B000095","source_osm_id":"724741452","source_name":"IDOL","source_type":"","source_building_levels":"3","source_height_m":"15","height_m":15.0,"floors_estimated":3,"height_source":"source_height","floors_source":"source_levels","data_status":"real_footprint_derived_height","identity_status":"prototype_internal_id","display_name":"IDOL"},"geometry":{"type":"Polygon","coordinates":[[[91.6633457,26.154666],[91.6635599,26.1543102],[91.6636282,26.1544574],[91.6637695,26.154437],[91.6636009,26.1547806],[91.6634687,26.154756],[91.6633457,26.154666]]]}},{"type":"Feature","id":"GHY-B000096","properties":{"building_id":"GHY-B000096","source_osm_id":"724741453","source_name":"GU New Academic Building","source_type":"","source_building_levels":"3","source_height_m":"15","height_m":15.0,"floors_estimated":3,"height_source":"source_height","floors_source":"source_levels","data_status":"real_footprint_derived_height","identity_status":"prototype_internal_id","display_name":"GU New Academic Building"},"geometry":{"type":"Polygon","coordinates":[[[91.6656749,26.1568231],[91.6658009,26.156539],[91.6663937,26.156734],[91.6667413,26.1568325],[91.6666861,26.1569772],[91.6666512,26.1570326],[91.6666405,26.1570807],[91.6666271,26.1571265],[91.6665761,26.1571891],[91.6664635,26.1572492],[91.6663401,26.1572468],[91.6662355,26.1571891],[91.6661738,26.1570879],[91.6661845,26.1569965],[91.6662408,26.1569844],[91.6661014,26.1569363],[91.6661309,26.1569772],[91.6660558,26.1570542],[91.6659592,26.1571],[91.6658305,26.1570976],[91.6657258,26.1570446],[91.6656561,26.1569363],[91.6656749,26.1568231]]]}},{"type":"Feature","id":"GHY-B000097","properties":{"building_id":"GHY-B000097","source_osm_id":"737297468","source_name":"Rahman Hospitals Private Limited","source_type":"hospital","source_building_levels":"6","source_height_m":null,"height_m":19.2,"floors_estimated":6,"height_source":"levels_x_3.2m","floors_source":"source_levels","data_status":"real_footprint_derived_height","identity_status":"prototype_internal_id","display_name":"Rahman Hospitals Private Limited"},"geometry":{"type":"Polygon","coordinates":[[[91.8095668,26.1352747],[91.8093775,26.1352715],[91.8093832,26.134998],[91.8094673,26.1349994],[91.8094667,26.1350277],[91.8095034,26.1350283],[91.8095195,26.1350285],[91.8095188,26.1350627],[91.8095712,26.1350636],[91.8095668,26.1352747]]]}},{"type":"Feature","id":"GHY-B000098","properties":{"building_id":"GHY-B000098","source_osm_id":"738284741","source_name":null,"source_type":"commercial","source_building_levels":"2","source_height_m":null,"height_m":6.4,"floors_estimated":2,"height_source":"levels_x_3.2m","floors_source":"source_levels","data_status":"real_footprint_derived_height","identity_status":"prototype_internal_id","display_name":"GHY-B000098"},"geometry":{"type":"Polygon","coordinates":[[[91.7607455,26.1717528],[91.7607938,26.1717095],[91.7608796,26.1717865],[91.7608313,26.1718299],[91.7607455,26.1717528]]]}},{"type":"Feature","id":"GHY-B000099","properties":{"building_id":"GHY-B000099","source_osm_id":"796934737","source_name":"Riddhi Siddhi","source_type":"apartments","source_building_levels":null,"source_height_m":"66","height_m":66.0,"floors_estimated":21,"height_source":"source_height","floors_source":"height_divided_by_3.2m","data_status":"real_footprint_derived_height","identity_status":"prototype_internal_id","display_name":"Riddhi Siddhi"},"geometry":{"type":"Polygon","coordinates":[[[91.7947357,26.121027],[91.7949343,26.1203883],[91.7954983,26.1204354],[91.7954273,26.1212893],[91.7947357,26.121027]]]}},{"type":"Feature","id":"GHY-B000100","properties":{"building_id":"GHY-B000100","source_osm_id":"806033501","source_name":null,"source_type":"","source_building_levels":"2","source_height_m":"8","height_m":8.0,"floors_estimated":2,"height_source":"source_height","floors_source":"source_levels","data_status":"real_footprint_derived_height","identity_status":"prototype_internal_id","display_name":"GHY-B000100"},"geometry":{"type":"Polygon","coordinates":[[[91.7964692,26.1409939],[91.7966169,26.1408862],[91.7966167,26.1410581],[91.7965628,26.1410974],[91.7964692,26.1409939]]]}},{"type":"Feature","id":"GHY-B000101","properties":{"building_id":"GHY-B000101","source_osm_id":"858728684","source_name":"Prabhati Apartment","source_type":"","source_building_levels":"3","source_height_m":null,"height_m":9.6,"floors_estimated":3,"height_source":"levels_x_3.2m","floors_source":"source_levels","data_status":"real_footprint_derived_height","identity_status":"prototype_internal_id","display_name":"Prabhati Apartment"},"geometry":{"type":"Polygon","coordinates":[[[91.7747803,26.1696115],[91.774729,26.1692636],[91.7748352,26.1692509],[91.7748777,26.1696019],[91.7747803,26.1696115]]]}},{"type":"Feature","id":"GHY-B000102","properties":{"building_id":"GHY-B000102","source_osm_id":"866346471","source_name":"Aldrin Apartment","source_type":"","source_building_levels":"5","source_height_m":"15","height_m":15.0,"floors_estimated":5,"height_source":"source_height","floors_source":"source_levels","data_status":"real_footprint_derived_height","identity_status":"prototype_internal_id","display_name":"Aldrin Apartment"},"geometry":{"type":"Polygon","coordinates":[[[91.7985556,26.1246451],[91.7986166,26.1244758],[91.7990798,26.124579],[91.7990465,26.1246688],[91.798912,26.124642],[91.7989005,26.124675],[91.7988476,26.1246657],[91.7988373,26.1247091],[91.7985556,26.1246451]]]}},{"type":"Feature","id":"GHY-B000103","properties":{"building_id":"GHY-B000103","source_osm_id":"866347093","source_name":"Kaliram Apartment","source_type":"apartments","source_building_levels":"8","source_height_m":"24","height_m":24.0,"floors_estimated":8,"height_source":"source_height","floors_source":"source_levels","data_status":"real_footprint_derived_height","identity_status":"prototype_internal_id","display_name":"Kaliram Apartment"},"geometry":{"type":"Polygon","coordinates":[[[91.798522,26.1243966],[91.7985749,26.1242397],[91.7988439,26.1242995],[91.7988174,26.1243759],[91.7988531,26.1243842],[91.7988289,26.1244647],[91.798522,26.1243966]]]}},{"type":"Feature","id":"GHY-B000104","properties":{"building_id":"GHY-B000104","source_osm_id":"868638375","source_name":null,"source_type":"house","source_building_levels":"2","source_height_m":"8","height_m":8.0,"floors_estimated":2,"height_source":"source_height","floors_source":"source_levels","data_status":"real_footprint_derived_height","identity_status":"prototype_internal_id","display_name":"GHY-B000104"},"geometry":{"type":"Polygon","coordinates":[[[91.7932014,26.1412698],[91.7930648,26.1412107],[91.7930833,26.1411762],[91.7930207,26.1411491],[91.7929612,26.1412599],[91.7928642,26.1412179],[91.7928719,26.1412036],[91.7928041,26.1411742],[91.7928562,26.1410771],[91.7929284,26.1411083],[91.7929804,26.1410114],[91.7931071,26.1410662],[91.7931262,26.1410306],[91.7931974,26.1410614],[91.7931718,26.1411091],[91.7932659,26.1411498],[91.7932014,26.1412698]]]}},{"type":"Feature","id":"GHY-B000105","properties":{"building_id":"GHY-B000105","source_osm_id":"868638378","source_name":"Janata Bhawan","source_type":"","source_building_levels":null,"source_height_m":"20","height_m":20.0,"floors_estimated":6,"height_source":"source_height","floors_source":"height_divided_by_3.2m","data_status":"real_footprint_derived_height","identity_status":"prototype_internal_id","display_name":"Janata Bhawan"},"geometry":{"type":"Polygon","coordinates":[[[91.7898144,26.1430606],[91.7898827,26.1429371],[91.7899453,26.1428237],[91.7901438,26.142912],[91.7901988,26.1428124],[91.7904528,26.1429255],[91.7903986,26.1430236],[91.7905523,26.1430921],[91.7904849,26.1432141],[91.7904109,26.1433479],[91.7902591,26.1432802],[91.7901921,26.1434014],[91.7899093,26.1432755],[91.7899859,26.143137],[91.7898144,26.1430606]]]}},{"type":"Feature","id":"GHY-B000106","properties":{"building_id":"GHY-B000106","source_osm_id":"868638379","source_name":"Janata Bhawan","source_type":"","source_building_levels":null,"source_height_m":"20","height_m":20.0,"floors_estimated":6,"height_source":"source_height","floors_source":"height_divided_by_3.2m","data_status":"real_footprint_derived_height","identity_status":"prototype_internal_id","display_name":"Janata Bhawan"},"geometry":{"type":"Polygon","coordinates":[[[91.7892592,26.1434827],[91.7893101,26.143387],[91.7892088,26.1433436],[91.7893237,26.1431274],[91.7894092,26.143164],[91.7894772,26.1430361],[91.7896105,26.1430932],[91.7897556,26.1431553],[91.7895909,26.1434653],[91.7895218,26.1435952],[91.7892592,26.1434827]]]}},{"type":"Feature","id":"GHY-B000107","properties":{"building_id":"GHY-B000107","source_osm_id":"868638380","source_name":"Janata Bhawan","source_type":"","source_building_levels":null,"source_height_m":"20","height_m":20.0,"floors_estimated":6,"height_source":"source_height","floors_source":"height_divided_by_3.2m","data_status":"real_footprint_derived_height","identity_status":"prototype_internal_id","display_name":"Janata Bhawan"},"geometry":{"type":"Polygon","coordinates":[[[91.7901297,26.1439283],[91.7902299,26.1437508],[91.7903945,26.1434589],[91.7905077,26.1435103],[91.790676,26.1435868],[91.7906025,26.1437172],[91.7906608,26.1437437],[91.7905379,26.1439615],[91.7904847,26.1439373],[91.7904163,26.1440586],[91.7901297,26.1439283]]]}},{"type":"Feature","id":"GHY-B000108","properties":{"building_id":"GHY-B000108","source_osm_id":"868638381","source_name":"Janata Bhawan","source_type":"","source_building_levels":null,"source_height_m":"20","height_m":20.0,"floors_estimated":6,"height_source":"source_height","floors_source":"height_divided_by_3.2m","data_status":"real_footprint_derived_height","identity_status":"prototype_internal_id","display_name":"Janata Bhawan"},"geometry":{"type":"Polygon","coordinates":[[[91.7893782,26.1439524],[91.7895128,26.1437321],[91.7897483,26.143848],[91.7900481,26.1439957],[91.7899074,26.144226],[91.7897498,26.1441484],[91.7897169,26.1442023],[91.7894795,26.1440854],[91.7895185,26.1440215],[91.7893782,26.1439524]]]}},{"type":"Feature","id":"GHY-B000109","properties":{"building_id":"GHY-B000109","source_osm_id":"868638382","source_name":"Janata Bhawan","source_type":"","source_building_levels":null,"source_height_m":"20","height_m":20.0,"floors_estimated":6,"height_source":"source_height","floors_source":"height_divided_by_3.2m","data_status":"real_footprint_derived_height","identity_status":"prototype_internal_id","display_name":"Janata Bhawan"},"geometry":{"type":"Polygon","coordinates":[[[91.7897323,26.1425734],[91.7898024,26.1424502],[91.7897232,26.1424139],[91.7898406,26.1422079],[91.7899163,26.1422426],[91.7899743,26.1421407],[91.7902319,26.1422589],[91.7901309,26.1424363],[91.7899865,26.14269],[91.789866,26.1426347],[91.7897323,26.1425734]]]}},{"type":"Feature","id":"GHY-B000110","properties":{"building_id":"GHY-B000110","source_osm_id":"868638383","source_name":"Janata Bhawan","source_type":"","source_building_levels":null,"source_height_m":"20","height_m":20.0,"floors_estimated":6,"height_source":"source_height","floors_source":"height_divided_by_3.2m","data_status":"real_footprint_derived_height","identity_status":"prototype_internal_id","display_name":"Janata Bhawan"},"geometry":{"type":"Polygon","coordinates":[[[91.7906771,26.1429707],[91.7908025,26.142728],[91.7908889,26.1425608],[91.7911487,26.1426689],[91.7910918,26.142779],[91.791145,26.1428012],[91.7910313,26.1430213],[91.7909621,26.1429925],[91.7909209,26.1430723],[91.7907885,26.1430171],[91.7906771,26.1429707]]]}},{"type":"Feature","id":"GHY-B000111","properties":{"building_id":"GHY-B000111","source_osm_id":"868638384","source_name":"Janata Bhawan","source_type":"","source_building_levels":null,"source_height_m":"20","height_m":20.0,"floors_estimated":6,"height_source":"source_height","floors_source":"height_divided_by_3.2m","data_status":"real_footprint_derived_height","identity_status":"prototype_internal_id","display_name":"Janata Bhawan"},"geometry":{"type":"Polygon","coordinates":[[[91.7903433,26.1422115],[91.7904702,26.1419876],[91.7906051,26.1420491],[91.7906359,26.1419946],[91.7908827,26.1421071],[91.7908501,26.1421647],[91.7910088,26.1422371],[91.7908836,26.1424581],[91.7906029,26.14233],[91.7903433,26.1422115]]]}},{"type":"Feature","id":"GHY-B000112","properties":{"building_id":"GHY-B000112","source_osm_id":"868638385","source_name":"Janata Bhawan","source_type":"","source_building_levels":null,"source_height_m":"20","height_m":20.0,"floors_estimated":6,"height_source":"source_height","floors_source":"height_divided_by_3.2m","data_status":"real_footprint_derived_height","identity_status":"prototype_internal_id","display_name":"Janata Bhawan"},"geometry":{"type":"Polygon","coordinates":[[[91.7903828,26.1427415],[91.7902906,26.1425099],[91.7905516,26.1424262],[91.7906437,26.1426578],[91.7903828,26.1427415]]]}},{"type":"Feature","id":"GHY-B000113","properties":{"building_id":"GHY-B000113","source_osm_id":"868638386","source_name":"Janata Bhawan","source_type":"","source_building_levels":null,"source_height_m":"20","height_m":20.0,"floors_estimated":6,"height_source":"source_height","floors_source":"height_divided_by_3.2m","data_status":"real_footprint_derived_height","identity_status":"prototype_internal_id","display_name":"Janata Bhawan"},"geometry":{"type":"Polygon","coordinates":[[[91.7898014,26.1437556],[91.7897226,26.1435227],[91.7899913,26.1434494],[91.7900701,26.1436823],[91.7898014,26.1437556]]]}},{"type":"Feature","id":"GHY-B000114","properties":{"building_id":"GHY-B000114","source_osm_id":"868672372","source_name":null,"source_type":"house","source_building_levels":"2","source_height_m":"8","height_m":8.0,"floors_estimated":2,"height_source":"source_height","floors_source":"source_levels","data_status":"real_footprint_derived_height","identity_status":"prototype_internal_id","display_name":"GHY-B000114"},"geometry":{"type":"Polygon","coordinates":[[[91.7933119,26.1413066],[91.7933594,26.1412207],[91.7934321,26.1412531],[91.7934675,26.1411891],[91.7935515,26.1412265],[91.7935412,26.1412452],[91.7935901,26.1412669],[91.7935805,26.1412843],[91.7936371,26.1413095],[91.7935775,26.1414176],[91.7935189,26.1413916],[91.7935342,26.1413639],[91.7934471,26.1413252],[91.7934287,26.1413586],[91.7933119,26.1413066]]]}},{"type":"Feature","id":"GHY-B000115","properties":{"building_id":"GHY-B000115","source_osm_id":"868672373","source_name":null,"source_type":"house","source_building_levels":"2","source_height_m":"8","height_m":8.0,"floors_estimated":2,"height_source":"source_height","floors_source":"source_levels","data_status":"real_footprint_derived_height","identity_status":"prototype_internal_id","display_name":"GHY-B000115"},"geometry":{"type":"Polygon","coordinates":[[[91.7927712,26.1413861],[91.792811,26.1413108],[91.7929067,26.1413517],[91.7928973,26.1413695],[91.7929699,26.1414004],[91.7929812,26.1413789],[91.7930907,26.1414256],[91.793042,26.1415175],[91.7929674,26.1414857],[91.7929482,26.141522],[91.7928659,26.1414869],[91.7928753,26.1414691],[91.7928241,26.1414473],[91.7928407,26.1414158],[91.7927712,26.1413861]]]}},{"type":"Feature","id":"GHY-B000116","properties":{"building_id":"GHY-B000116","source_osm_id":"868672376","source_name":null,"source_type":"house","source_building_levels":"2","source_height_m":"8","height_m":8.0,"floors_estimated":2,"height_source":"source_height","floors_source":"source_levels","data_status":"real_footprint_derived_height","identity_status":"prototype_internal_id","display_name":"GHY-B000116"},"geometry":{"type":"Polygon","coordinates":[[[91.7931669,26.1415706],[91.7932196,26.1414784],[91.7933238,26.1415265],[91.7933051,26.1415591],[91.7933819,26.1415946],[91.7933975,26.1415673],[91.7934817,26.1416062],[91.7933849,26.1417749],[91.7933145,26.1417424],[91.7933426,26.1416932],[91.7932879,26.141668],[91.793271,26.1416976],[91.7932086,26.1416688],[91.7932443,26.1416063],[91.7931669,26.1415706]]]}},{"type":"Feature","id":"GHY-B000117","properties":{"building_id":"GHY-B000117","source_osm_id":"868672382","source_name":null,"source_type":"house","source_building_levels":"2","source_height_m":"8","height_m":8.0,"floors_estimated":2,"height_source":"source_height","floors_source":"source_levels","data_status":"real_footprint_derived_height","identity_status":"prototype_internal_id","display_name":"GHY-B000117"},"geometry":{"type":"Polygon","coordinates":[[[91.7937545,26.1415159],[91.7938205,26.141407],[91.7938929,26.1414424],[91.7939135,26.1414086],[91.7939927,26.1414473],[91.7939809,26.1414668],[91.794091,26.1415206],[91.794018,26.1416409],[91.7939465,26.1416059],[91.7939675,26.1415714],[91.7938906,26.1415337],[91.7938678,26.1415712],[91.7937545,26.1415159]]]}},{"type":"Feature","id":"GHY-B000118","properties":{"building_id":"GHY-B000118","source_osm_id":"868672383","source_name":null,"source_type":"house","source_building_levels":"2","source_height_m":"8","height_m":8.0,"floors_estimated":2,"height_source":"source_height","floors_source":"source_levels","data_status":"real_footprint_derived_height","identity_status":"prototype_internal_id","display_name":"GHY-B000118"},"geometry":{"type":"Polygon","coordinates":[[[91.7930426,26.1424058],[91.7929535,26.142364],[91.7929726,26.1423311],[91.7928879,26.1422914],[91.7928667,26.1423278],[91.7927598,26.1422777],[91.7928254,26.1421649],[91.7929007,26.1422003],[91.7929329,26.142145],[91.7930125,26.1421824],[91.7929911,26.1422192],[91.7931169,26.1422783],[91.7930426,26.1424058]]]}},{"type":"Feature","id":"GHY-B000119","properties":{"building_id":"GHY-B000119","source_osm_id":"868672385","source_name":null,"source_type":"house","source_building_levels":"2","source_height_m":"8","height_m":8.0,"floors_estimated":2,"height_source":"source_height","floors_source":"source_levels","data_status":"real_footprint_derived_height","identity_status":"prototype_internal_id","display_name":"GHY-B000119"},"geometry":{"type":"Polygon","coordinates":[[[91.7923735,26.1421115],[91.7924465,26.1419803],[91.7925694,26.1420354],[91.79259,26.1419984],[91.7926582,26.142029],[91.7926256,26.1420875],[91.7927141,26.1421272],[91.7926555,26.1422326],[91.792555,26.1421875],[91.7925748,26.1421518],[91.7924889,26.1421133],[91.7924666,26.1421533],[91.7923735,26.1421115]]]}},{"type":"Feature","id":"GHY-B000120","properties":{"building_id":"GHY-B000120","source_osm_id":"868672388","source_name":null,"source_type":"house","source_building_levels":"2","source_height_m":"8","height_m":8.0,"floors_estimated":2,"height_source":"source_height","floors_source":"source_levels","data_status":"real_footprint_derived_height","identity_status":"prototype_internal_id","display_name":"GHY-B000120"},"geometry":{"type":"Polygon","coordinates":[[[91.7918489,26.1427073],[91.791933,26.1425585],[91.7920171,26.1425969],[91.7919877,26.1426487],[91.7920675,26.142685],[91.7920894,26.1426464],[91.7922067,26.1426998],[91.7921432,26.142812],[91.7920676,26.1427776],[91.7920282,26.1428471],[91.7919404,26.142807],[91.7919665,26.1427608],[91.7918489,26.1427073]]]}},{"type":"Feature","id":"GHY-B000121","properties":{"building_id":"GHY-B000121","source_osm_id":"868672389","source_name":null,"source_type":"house","source_building_levels":"2","source_height_m":"8","height_m":8.0,"floors_estimated":2,"height_source":"source_height","floors_source":"source_levels","data_status":"real_footprint_derived_height","identity_status":"prototype_internal_id","display_name":"GHY-B000121"},"geometry":{"type":"Polygon","coordinates":[[[91.7921756,26.1424967],[91.7922377,26.142371],[91.7923626,26.1424207],[91.7923777,26.1423901],[91.7924464,26.1424175],[91.7924194,26.1424722],[91.7925034,26.1425057],[91.7924534,26.1426068],[91.7923292,26.1425573],[91.7923486,26.1425181],[91.7922745,26.1424885],[91.7922548,26.1425282],[91.7921756,26.1424967]]]}},{"type":"Feature","id":"GHY-B000122","properties":{"building_id":"GHY-B000122","source_osm_id":"868672390","source_name":null,"source_type":"house","source_building_levels":"2","source_height_m":"8","height_m":8.0,"floors_estimated":2,"height_source":"source_height","floors_source":"source_levels","data_status":"real_footprint_derived_height","identity_status":"prototype_internal_id","display_name":"GHY-B000122"},"geometry":{"type":"Polygon","coordinates":[[[91.7928333,26.1427558],[91.7927622,26.142727],[91.7927835,26.1426919],[91.7927106,26.1426569],[91.792684,26.1427015],[91.7925773,26.1426568],[91.7926342,26.1425531],[91.792684,26.1425755],[91.792684,26.1425914],[91.7926982,26.1425946],[91.7927355,26.1425292],[91.7928119,26.1425547],[91.7927959,26.1425866],[91.7928439,26.1426042],[91.7928386,26.1426217],[91.7928937,26.1426441],[91.7928333,26.1427558]]]}},{"type":"Feature","id":"GHY-B000123","properties":{"building_id":"GHY-B000123","source_osm_id":"868672396","source_name":null,"source_type":"house","source_building_levels":"2","source_height_m":"8","height_m":8.0,"floors_estimated":2,"height_source":"source_height","floors_source":"source_levels","data_status":"real_footprint_derived_height","identity_status":"prototype_internal_id","display_name":"GHY-B000123"},"geometry":{"type":"Polygon","coordinates":[[[91.7920445,26.1414006],[91.7919326,26.1413497],[91.7919003,26.141407],[91.7919956,26.1414503],[91.7919426,26.1415442],[91.7916147,26.1413951],[91.791689,26.1412633],[91.7918193,26.1413225],[91.7918416,26.141283],[91.7919263,26.1413215],[91.7919434,26.1412911],[91.792073,26.14135],[91.7920445,26.1414006]]]}},{"type":"Feature","id":"GHY-B000124","properties":{"building_id":"GHY-B000124","source_osm_id":"868672397","source_name":null,"source_type":"house","source_building_levels":"2","source_height_m":"8","height_m":8.0,"floors_estimated":2,"height_source":"source_height","floors_source":"source_levels","data_status":"real_footprint_derived_height","identity_status":"prototype_internal_id","display_name":"GHY-B000124"},"geometry":{"type":"Polygon","coordinates":[[[91.7920185,26.1415753],[91.7920819,26.1414583],[91.7921569,26.141491],[91.792191,26.141428],[91.7923217,26.1414851],[91.7923103,26.1415061],[91.7924643,26.1415733],[91.7924442,26.1416104],[91.7923796,26.1415822],[91.7923136,26.1417041],[91.7920185,26.1415753]]]}},{"type":"Feature","id":"GHY-B000125","properties":{"building_id":"GHY-B000125","source_osm_id":"868672398","source_name":null,"source_type":"house","source_building_levels":"2","source_height_m":"8","height_m":8.0,"floors_estimated":2,"height_source":"source_height","floors_source":"source_levels","data_status":"real_footprint_derived_height","identity_status":"prototype_internal_id","display_name":"GHY-B000125"},"geometry":{"type":"Polygon","coordinates":[[[91.7916774,26.1418255],[91.791587,26.1417832],[91.7916023,26.1417568],[91.7915309,26.1417234],[91.7915388,26.1417097],[91.7914736,26.1416793],[91.7915474,26.1415521],[91.7918583,26.1416972],[91.791806,26.1417874],[91.7917222,26.1417482],[91.7916774,26.1418255]]]}},{"type":"Feature","id":"GHY-B000126","properties":{"building_id":"GHY-B000126","source_osm_id":"868672399","source_name":null,"source_type":"house","source_building_levels":"2","source_height_m":"8","height_m":8.0,"floors_estimated":2,"height_source":"source_height","floors_source":"source_levels","data_status":"real_footprint_derived_height","identity_status":"prototype_internal_id","display_name":"GHY-B000126"},"geometry":{"type":"Polygon","coordinates":[[[91.791858,26.1418371],[91.7919226,26.1417217],[91.7922497,26.1418694],[91.7921779,26.1419975],[91.7921153,26.1419693],[91.792105,26.1419877],[91.7920483,26.1419621],[91.7920605,26.1419403],[91.7920195,26.1419217],[91.791987,26.1419797],[91.7919243,26.1419513],[91.7919731,26.1418644],[91.7919455,26.1418519],[91.7919345,26.1418716],[91.791858,26.1418371]]]}},{"type":"Feature","id":"GHY-B000127","properties":{"building_id":"GHY-B000127","source_osm_id":"868672404","source_name":null,"source_type":"house","source_building_levels":"2","source_height_m":"8","height_m":8.0,"floors_estimated":2,"height_source":"source_height","floors_source":"source_levels","data_status":"real_footprint_derived_height","identity_status":"prototype_internal_id","display_name":"GHY-B000127"},"geometry":{"type":"Polygon","coordinates":[[[91.7924034,26.1409055],[91.7924663,26.1407906],[91.792547,26.1408262],[91.7925797,26.1407664],[91.7926623,26.1408028],[91.7926344,26.1408538],[91.7927405,26.1409005],[91.792677,26.1410165],[91.7926111,26.1409875],[91.7926333,26.140947],[91.7925636,26.1409163],[91.7925371,26.1409646],[91.7924034,26.1409055]]]}},{"type":"Feature","id":"GHY-B000128","properties":{"building_id":"GHY-B000128","source_osm_id":"868672405","source_name":null,"source_type":"house","source_building_levels":"2","source_height_m":"8","height_m":8.0,"floors_estimated":2,"height_source":"source_height","floors_source":"source_levels","data_status":"real_footprint_derived_height","identity_status":"prototype_internal_id","display_name":"GHY-B000128"},"geometry":{"type":"Polygon","coordinates":[[[91.7921834,26.1407931],[91.7922,26.1407635],[91.7921141,26.1407246],[91.7921002,26.1407494],[91.7920409,26.1407226],[91.7921003,26.1406168],[91.7921527,26.1406406],[91.7921686,26.1406124],[91.7922941,26.1406692],[91.7922646,26.1407218],[91.7923562,26.1407633],[91.7923078,26.1408495],[91.7921834,26.1407931]]]}},{"type":"Feature","id":"GHY-B000129","properties":{"building_id":"GHY-B000129","source_osm_id":"868672406","source_name":null,"source_type":"house","source_building_levels":"2","source_height_m":"8","height_m":8.0,"floors_estimated":2,"height_source":"source_height","floors_source":"source_levels","data_status":"real_footprint_derived_height","identity_status":"prototype_internal_id","display_name":"GHY-B000129"},"geometry":{"type":"Polygon","coordinates":[[[91.7918671,26.1410206],[91.791931,26.1409108],[91.7920946,26.1409876],[91.7921103,26.1409607],[91.7922249,26.1410145],[91.7921551,26.1411344],[91.7920845,26.1411013],[91.7920936,26.1410855],[91.7920743,26.1410765],[91.7920408,26.1411341],[91.7919663,26.1410991],[91.7919809,26.141074],[91.7918671,26.1410206]]]}},{"type":"Feature","id":"GHY-B000130","properties":{"building_id":"GHY-B000130","source_osm_id":"868672407","source_name":null,"source_type":"house","source_building_levels":"2","source_height_m":"8","height_m":8.0,"floors_estimated":2,"height_source":"source_height","floors_source":"source_levels","data_status":"real_footprint_derived_height","identity_status":"prototype_internal_id","display_name":"GHY-B000130"},"geometry":{"type":"Polygon","coordinates":[[[91.7922564,26.141174],[91.7923181,26.1410694],[91.7924297,26.1411224],[91.792412,26.1411525],[91.7924922,26.1411906],[91.7925015,26.141175],[91.7925724,26.1412087],[91.7925054,26.1413223],[91.7923277,26.1412378],[91.7923415,26.1412144],[91.7922564,26.141174]]]}},{"type":"Feature","id":"GHY-B000131","properties":{"building_id":"GHY-B000131","source_osm_id":"868672414","source_name":null,"source_type":"apartments","source_building_levels":"5","source_height_m":null,"height_m":16.0,"floors_estimated":5,"height_source":"levels_x_3.2m","floors_source":"source_levels","data_status":"real_footprint_derived_height","identity_status":"prototype_internal_id","display_name":"GHY-B000131"},"geometry":{"type":"Polygon","coordinates":[[[91.7878509,26.1404087],[91.7879582,26.1401958],[91.7880272,26.1402238],[91.7879991,26.1402797],[91.7882174,26.1403684],[91.7882341,26.1403354],[91.7882997,26.1403621],[91.7882075,26.1405448],[91.7880985,26.1405004],[91.7881311,26.1404357],[91.7880004,26.1403826],[91.7879641,26.1404547],[91.7878509,26.1404087]]]}},{"type":"Feature","id":"GHY-B000132","properties":{"building_id":"GHY-B000132","source_osm_id":"868672415","source_name":null,"source_type":"apartments","source_building_levels":"5","source_height_m":null,"height_m":16.0,"floors_estimated":5,"height_source":"levels_x_3.2m","floors_source":"source_levels","data_status":"real_footprint_derived_height","identity_status":"prototype_internal_id","display_name":"GHY-B000132"},"geometry":{"type":"Polygon","coordinates":[[[91.7876872,26.1407457],[91.7877854,26.1405313],[91.7879095,26.140577],[91.7878784,26.1406451],[91.7880126,26.1406946],[91.7880401,26.1406346],[91.7881531,26.1406763],[91.7880657,26.1408671],[91.7879916,26.1408398],[91.7880133,26.1407922],[91.7879524,26.1407697],[91.7879686,26.1407344],[91.7879018,26.1407097],[91.7878858,26.1407447],[91.7878322,26.1407249],[91.7878031,26.1407884],[91.7876872,26.1407457]]]}},{"type":"Feature","id":"GHY-B000133","properties":{"building_id":"GHY-B000133","source_osm_id":"868672416","source_name":null,"source_type":"apartments","source_building_levels":"5","source_height_m":null,"height_m":16.0,"floors_estimated":5,"height_source":"levels_x_3.2m","floors_source":"source_levels","data_status":"real_footprint_derived_height","identity_status":"prototype_internal_id","display_name":"GHY-B000133"},"geometry":{"type":"Polygon","coordinates":[[[91.78829,26.1405194],[91.7883663,26.1403793],[91.7886615,26.1405089],[91.788591,26.1406385],[91.7885531,26.1406219],[91.7885766,26.1405786],[91.7883655,26.140486],[91.7883363,26.1405397],[91.78829,26.1405194]]]}},{"type":"Feature","id":"GHY-B000134","properties":{"building_id":"GHY-B000134","source_osm_id":"868672417","source_name":null,"source_type":"apartments","source_building_levels":"5","source_height_m":null,"height_m":16.0,"floors_estimated":5,"height_source":"levels_x_3.2m","floors_source":"source_levels","data_status":"real_footprint_derived_height","identity_status":"prototype_internal_id","display_name":"GHY-B000134"},"geometry":{"type":"Polygon","coordinates":[[[91.7880175,26.1401546],[91.7881275,26.1399561],[91.7881763,26.1399779],[91.7881652,26.1399978],[91.788217,26.1400209],[91.7881913,26.1400673],[91.788299,26.1401154],[91.7883337,26.1400527],[91.7884442,26.140102],[91.788336,26.1402975],[91.7882779,26.1402715],[91.7883014,26.140229],[91.7881093,26.1401433],[91.7880861,26.1401852],[91.7880175,26.1401546]]]}},{"type":"Feature","id":"GHY-B000135","properties":{"building_id":"GHY-B000135","source_osm_id":"868672418","source_name":null,"source_type":"apartments","source_building_levels":"5","source_height_m":"20","height_m":20.0,"floors_estimated":5,"height_source":"source_height","floors_source":"source_levels","data_status":"real_footprint_derived_height","identity_status":"prototype_internal_id","display_name":"GHY-B000135"},"geometry":{"type":"Polygon","coordinates":[[[91.7883803,26.1403167],[91.7884902,26.1401143],[91.7885981,26.1401616],[91.7885792,26.1401964],[91.7886989,26.1402488],[91.7887166,26.1402162],[91.7888145,26.140259],[91.7887067,26.1404576],[91.7886362,26.1404268],[91.7886712,26.1403623],[91.7884733,26.1402757],[91.7884375,26.1403417],[91.7883803,26.1403167]]]}},{"type":"Feature","id":"GHY-B000136","properties":{"building_id":"GHY-B000136","source_osm_id":"868672425","source_name":null,"source_type":"","source_building_levels":null,"source_height_m":"4","height_m":4.0,"floors_estimated":1,"height_source":"source_height","floors_source":"height_divided_by_3.2m","data_status":"real_footprint_derived_height","identity_status":"prototype_internal_id","display_name":"GHY-B000136"},"geometry":{"type":"Polygon","coordinates":[[[91.7899211,26.1394176],[91.7899208,26.1393575],[91.7899862,26.1393573],[91.7899865,26.1394174],[91.7899211,26.1394176]]]}},{"type":"Feature","id":"GHY-B000137","properties":{"building_id":"GHY-B000137","source_osm_id":"868672434","source_name":"Guwahati Tea Auction Centre","source_type":"commercial","source_building_levels":"2","source_height_m":"8","height_m":8.0,"floors_estimated":2,"height_source":"source_height","floors_source":"source_levels","data_status":"real_footprint_derived_height","identity_status":"prototype_internal_id","display_name":"Guwahati Tea Auction Centre"},"geometry":{"type":"Polygon","coordinates":[[[91.7892826,26.1457327],[91.7895028,26.1457212],[91.7896191,26.1456231],[91.7896876,26.1456886],[91.7895745,26.145784],[91.78956,26.1459807],[91.7894458,26.1459739],[91.7893555,26.1459229],[91.7892909,26.1458599],[91.7892826,26.1457327]]]}},{"type":"Feature","id":"GHY-B000138","properties":{"building_id":"GHY-B000138","source_osm_id":"868672435","source_name":null,"source_type":"house","source_building_levels":"2","source_height_m":"7.5","height_m":7.5,"floors_estimated":2,"height_source":"source_height","floors_source":"source_levels","data_status":"real_footprint_derived_height","identity_status":"prototype_internal_id","display_name":"GHY-B000138"},"geometry":{"type":"Polygon","coordinates":[[[91.7893259,26.1454863],[91.7890694,26.1458795],[91.7889363,26.1458096],[91.7889828,26.1457384],[91.7889162,26.1457034],[91.7891262,26.1453813],[91.7893259,26.1454863]]]}},{"type":"Feature","id":"GHY-B000139","properties":{"building_id":"GHY-B000139","source_osm_id":"868689297","source_name":null,"source_type":"house","source_building_levels":"3","source_height_m":"10","height_m":10.0,"floors_estimated":3,"height_source":"source_height","floors_source":"source_levels","data_status":"real_footprint_derived_height","identity_status":"prototype_internal_id","display_name":"GHY-B000139"},"geometry":{"type":"Polygon","coordinates":[[[91.7910695,26.1440747],[91.7908756,26.1439923],[91.7909937,26.1437686],[91.7911876,26.1438511],[91.7910695,26.1440747]]]}},{"type":"Feature","id":"GHY-B000140","properties":{"building_id":"GHY-B000140","source_osm_id":"868689303","source_name":null,"source_type":"apartments","source_building_levels":"10","source_height_m":"40","height_m":40.0,"floors_estimated":10,"height_source":"source_height","floors_source":"source_levels","data_status":"real_footprint_derived_height","identity_status":"prototype_internal_id","display_name":"GHY-B000140"},"geometry":{"type":"Polygon","coordinates":[[[91.7893676,26.1385551],[91.7893798,26.1384667],[91.7894508,26.1384746],[91.7894672,26.1383557],[91.7896303,26.1383738],[91.7896172,26.1384696],[91.7897235,26.1384814],[91.789737,26.138383],[91.7899078,26.138402],[91.7898958,26.1384887],[91.7899362,26.1384932],[91.7899188,26.1386196],[91.789764,26.1386024],[91.7897732,26.1385355],[91.7897528,26.1385332],[91.7897465,26.1385785],[91.7895835,26.1385605],[91.7895911,26.1385051],[91.7895521,26.1385008],[91.789542,26.1385744],[91.7893676,26.1385551]]]}},{"type":"Feature","id":"GHY-B000141","properties":{"building_id":"GHY-B000141","source_osm_id":"868689304","source_name":null,"source_type":"apartments","source_building_levels":"10","source_height_m":"40","height_m":40.0,"floors_estimated":10,"height_source":"source_height","floors_source":"source_levels","data_status":"real_footprint_derived_height","identity_status":"prototype_internal_id","display_name":"GHY-B000141"},"geometry":{"type":"Polygon","coordinates":[[[91.789332,26.1384459],[91.7893184,26.1385559],[91.789157,26.1385398],[91.7891678,26.1384533],[91.789143,26.1384508],[91.7891397,26.1384774],[91.7891261,26.138476],[91.7891208,26.1385177],[91.788959,26.1385011],[91.788967,26.1384377],[91.7889093,26.1384317],[91.7889025,26.1384855],[91.788787,26.1384736],[91.7887966,26.1383985],[91.7888978,26.1384089],[91.7889008,26.1383857],[91.7888751,26.1383756],[91.7888834,26.1383093],[91.788928,26.1383138],[91.7889239,26.1383465],[91.7889868,26.1383529],[91.7889898,26.1383286],[91.7890078,26.1383305],[91.7889996,26.1383962],[91.7891217,26.1384085],[91.7891296,26.1383451],[91.7891455,26.1383467],[91.7891438,26.1383605],[91.7891675,26.1383629],[91.789165,26.1383833],[91.7892361,26.1383905],[91.7892291,26.1384466],[91.7893014,26.1384539],[91.7893075,26.1384435],[91.789332,26.1384459]]]}},{"type":"Feature","id":"GHY-B000142","properties":{"building_id":"GHY-B000142","source_osm_id":"868689305","source_name":null,"source_type":"apartments","source_building_levels":"10","source_height_m":"40","height_m":40.0,"floors_estimated":10,"height_source":"source_height","floors_source":"source_levels","data_status":"real_footprint_derived_height","identity_status":"prototype_internal_id","display_name":"GHY-B000142"},"geometry":{"type":"Polygon","coordinates":[[[91.7890962,26.1381845],[91.789103,26.138044],[91.7890461,26.1380417],[91.7890391,26.138189],[91.7888798,26.1381828],[91.7888853,26.1380682],[91.7888275,26.138066],[91.7888259,26.1380989],[91.7887478,26.1380959],[91.7887543,26.1379605],[91.7889301,26.1379673],[91.7889272,26.1380285],[91.7889706,26.1380302],[91.7889732,26.1379763],[91.7891563,26.1379834],[91.7891536,26.1380388],[91.789211,26.138041],[91.7892143,26.137972],[91.7893165,26.1379759],[91.7893061,26.1381927],[91.7890962,26.1381845]]]}},{"type":"Feature","id":"GHY-B000143","properties":{"building_id":"GHY-B000143","source_osm_id":"868689306","source_name":null,"source_type":"apartments","source_building_levels":"10","source_height_m":"40","height_m":40.0,"floors_estimated":10,"height_source":"source_height","floors_source":"source_levels","data_status":"real_footprint_derived_height","identity_status":"prototype_internal_id","display_name":"GHY-B000143"},"geometry":{"type":"Polygon","coordinates":[[[91.7896721,26.1382018],[91.7896751,26.1380868],[91.7896544,26.1380864],[91.7896516,26.1381933],[91.7893992,26.1381879],[91.7894017,26.1380921],[91.7893532,26.1380911],[91.789356,26.1379872],[91.7895388,26.1379911],[91.7895373,26.1380501],[91.7895821,26.138051],[91.7895841,26.1379732],[91.789733,26.1379763],[91.7897314,26.1380398],[91.7897954,26.1380412],[91.7897968,26.1379865],[91.7899235,26.1379891],[91.7899178,26.138207],[91.7896721,26.1382018]]]}},{"type":"Feature","id":"GHY-B000144","properties":{"building_id":"GHY-B000144","source_osm_id":"868689309","source_name":"GOVINDAM","source_type":"commercial","source_building_levels":"3","source_height_m":"12","height_m":12.0,"floors_estimated":3,"height_source":"source_height","floors_source":"source_levels","data_status":"real_footprint_derived_height","identity_status":"prototype_internal_id","display_name":"GOVINDAM"},"geometry":{"type":"Polygon","coordinates":[[[91.7997406,26.1378538],[91.7997019,26.1375712],[91.7998693,26.1375528],[91.7998913,26.1377139],[91.7997406,26.1378538]]]}},{"type":"Feature","id":"GHY-B000145","properties":{"building_id":"GHY-B000145","source_osm_id":"868689310","source_name":null,"source_type":"commercial","source_building_levels":"3","source_height_m":"12","height_m":12.0,"floors_estimated":3,"height_source":"source_height","floors_source":"source_levels","data_status":"real_footprint_derived_height","identity_status":"prototype_internal_id","display_name":"GHY-B000145"},"geometry":{"type":"Polygon","coordinates":[[[91.7999398,26.1376781],[91.7999415,26.1374961],[91.8001806,26.1373468],[91.8002014,26.1374961],[91.7999398,26.1376781]]]}},{"type":"Feature","id":"GHY-B000146","properties":{"building_id":"GHY-B000146","source_osm_id":"868689311","source_name":null,"source_type":"apartments","source_building_levels":"7","source_height_m":"24","height_m":24.0,"floors_estimated":7,"height_source":"source_height","floors_source":"source_levels","data_status":"real_footprint_derived_height","identity_status":"prototype_internal_id","display_name":"GHY-B000146"},"geometry":{"type":"Polygon","coordinates":[[[91.7998425,26.1375049],[91.7998384,26.1374547],[91.79978,26.1374586],[91.7997831,26.1374964],[91.7997053,26.1375015],[91.7996826,26.1372237],[91.7996624,26.137225],[91.7996594,26.1371885],[91.7997995,26.1371793],[91.7997972,26.1371513],[91.799897,26.1371447],[91.7999261,26.1374993],[91.7998425,26.1375049]]]}},{"type":"Feature","id":"GHY-B000147","properties":{"building_id":"GHY-B000147","source_osm_id":"868689312","source_name":null,"source_type":"apartments","source_building_levels":"7","source_height_m":"24","height_m":24.0,"floors_estimated":7,"height_source":"source_height","floors_source":"source_levels","data_status":"real_footprint_derived_height","identity_status":"prototype_internal_id","display_name":"GHY-B000147"},"geometry":{"type":"Polygon","coordinates":[[[91.7999623,26.1373694],[91.7998955,26.1370218],[91.8000757,26.1369939],[91.8001425,26.1373415],[91.7999623,26.1373694]]]}},{"type":"Feature","id":"GHY-B000148","properties":{"building_id":"GHY-B000148","source_osm_id":"868689313","source_name":null,"source_type":"commercial","source_building_levels":"2","source_height_m":"8","height_m":8.0,"floors_estimated":2,"height_source":"source_height","floors_source":"source_levels","data_status":"real_footprint_derived_height","identity_status":"prototype_internal_id","display_name":"GHY-B000148"},"geometry":{"type":"Polygon","coordinates":[[[91.7987516,26.1391614],[91.7990758,26.1389286],[91.7991342,26.1389519],[91.7991265,26.1391719],[91.7987516,26.1391614]]]}},{"type":"Feature","id":"GHY-B000149","properties":{"building_id":"GHY-B000149","source_osm_id":"868689314","source_name":null,"source_type":"commercial","source_building_levels":"5","source_height_m":"20","height_m":20.0,"floors_estimated":5,"height_source":"source_height","floors_source":"source_levels","data_status":"real_footprint_derived_height","identity_status":"prototype_internal_id","display_name":"GHY-B000149"},"geometry":{"type":"Polygon","coordinates":[[[91.7962245,26.1412393],[91.7964699,26.1410666],[91.7965423,26.1411219],[91.7966195,26.1412378],[91.7965315,26.1412998],[91.7965026,26.1412668],[91.7964804,26.1412824],[91.7964564,26.1412549],[91.7964178,26.1412821],[91.796375,26.141233],[91.7963437,26.141255],[91.7962245,26.1412393]]]}},{"type":"Feature","id":"GHY-B000150","properties":{"building_id":"GHY-B000150","source_osm_id":"868689315","source_name":null,"source_type":"commercial","source_building_levels":"3","source_height_m":"11","height_m":11.0,"floors_estimated":3,"height_source":"source_height","floors_source":"source_levels","data_status":"real_footprint_derived_height","identity_status":"prototype_internal_id","display_name":"GHY-B000150"},"geometry":{"type":"Polygon","coordinates":[[[91.796655,26.1411554],[91.7966449,26.1408783],[91.7967331,26.1408255],[91.7967921,26.1408238],[91.7968041,26.141151],[91.796655,26.1411554]]]}},{"type":"Feature","id":"GHY-B000151","properties":{"building_id":"GHY-B000151","source_osm_id":"868689316","source_name":null,"source_type":"commercial","source_building_levels":"5","source_height_m":"20","height_m":20.0,"floors_estimated":5,"height_source":"source_height","floors_source":"source_levels","data_status":"real_footprint_derived_height","identity_status":"prototype_internal_id","display_name":"GHY-B000151"},"geometry":{"type":"Polygon","coordinates":[[[91.7968324,26.1411409],[91.7968089,26.1408743],[91.7968642,26.1408704],[91.7968508,26.140719],[91.796917,26.1406558],[91.7969338,26.1406888],[91.7969958,26.1407086],[91.7969706,26.141066],[91.796917,26.1411348],[91.7968324,26.1411409]]]}},{"type":"Feature","id":"GHY-B000152","properties":{"building_id":"GHY-B000152","source_osm_id":"868689317","source_name":"Aurus Galleria","source_type":"commercial","source_building_levels":"5","source_height_m":"20","height_m":20.0,"floors_estimated":5,"height_source":"source_height","floors_source":"source_levels","data_status":"real_footprint_derived_height","identity_status":"prototype_internal_id","display_name":"Aurus Galleria"},"geometry":{"type":"Polygon","coordinates":[[[91.7954802,26.1418945],[91.7957354,26.1416821],[91.7962083,26.1421397],[91.795953,26.1423522],[91.7954802,26.1418945]]]}},{"type":"Feature","id":"GHY-B000153","properties":{"building_id":"GHY-B000153","source_osm_id":"868694493","source_name":null,"source_type":"commercial","source_building_levels":"3","source_height_m":"11","height_m":11.0,"floors_estimated":3,"height_source":"source_height","floors_source":"source_levels","data_status":"real_footprint_derived_height","identity_status":"prototype_internal_id","display_name":"GHY-B000153"},"geometry":{"type":"Polygon","coordinates":[[[91.7914129,26.1456036],[91.7911143,26.1452851],[91.791274,26.1451644],[91.7915727,26.1454829],[91.7914129,26.1456036]]]}},{"type":"Feature","id":"GHY-B000154","properties":{"building_id":"GHY-B000154","source_osm_id":"868694494","source_name":null,"source_type":"commercial","source_building_levels":"2","source_height_m":"11","height_m":11.0,"floors_estimated":2,"height_source":"source_height","floors_source":"source_levels","data_status":"real_footprint_derived_height","identity_status":"prototype_internal_id","display_name":"GHY-B000154"},"geometry":{"type":"Polygon","coordinates":[[[91.7910869,26.1458714],[91.7908235,26.1456216],[91.7909106,26.1455475],[91.7911741,26.1457973],[91.7910869,26.1458714]]]}},{"type":"Feature","id":"GHY-B000155","properties":{"building_id":"GHY-B000155","source_osm_id":"868694495","source_name":null,"source_type":"commercial","source_building_levels":"5","source_height_m":"20","height_m":20.0,"floors_estimated":5,"height_source":"source_height","floors_source":"source_levels","data_status":"real_footprint_derived_height","identity_status":"prototype_internal_id","display_name":"GHY-B000155"},"geometry":{"type":"Polygon","coordinates":[[[91.7908961,26.1463417],[91.790241,26.1462647],[91.7902498,26.1462043],[91.7901583,26.1461609],[91.7902148,26.146065],[91.7903428,26.1461258],[91.7909178,26.1461933],[91.7908961,26.1463417]]]}},{"type":"Feature","id":"GHY-B000156","properties":{"building_id":"GHY-B000156","source_osm_id":null,"source_name":null,"source_type":null,"source_building_levels":"5","source_height_m":null,"height_m":16.0,"floors_estimated":5,"height_source":"levels_x_3.2m","floors_source":"source_levels","data_status":"real_footprint_derived_height","identity_status":"prototype_internal_id","display_name":"GHY-B000156"},"geometry":{"type":"Polygon","coordinates":[[[91.5619581,26.0815486],[91.561462,26.0812436],[91.5618826,26.0806917],[91.5623787,26.0809966],[91.5619581,26.0815486]]]}},{"type":"Feature","id":"GHY-B000157","properties":{"building_id":"GHY-B000157","source_osm_id":"1080486553","source_name":"GRED","source_type":"commercial","source_building_levels":"3","source_height_m":null,"height_m":9.6,"floors_estimated":3,"height_source":"levels_x_3.2m","floors_source":"source_levels","data_status":"real_footprint_derived_height","identity_status":"prototype_internal_id","display_name":"GRED"},"geometry":{"type":"Polygon","coordinates":[[[91.7584047,26.1750201],[91.7583951,26.1748814],[91.7584964,26.1748757],[91.7584981,26.1750177],[91.7584047,26.1750201]]]}},{"type":"Feature","id":"GHY-B000158","properties":{"building_id":"GHY-B000158","source_osm_id":"1224627144","source_name":"settlement","source_type":"","source_building_levels":"1","source_height_m":null,"height_m":3.2,"floors_estimated":1,"height_source":"levels_x_3.2m","floors_source":"source_levels","data_status":"real_footprint_derived_height","identity_status":"prototype_internal_id","display_name":"settlement"},"geometry":{"type":"Polygon","coordinates":[[[91.6228682,26.1380628],[91.622917,26.1378117],[91.6236683,26.1378964],[91.6236748,26.1382351],[91.6228682,26.1380628]]]}},{"type":"Feature","id":"GHY-B000159","properties":{"building_id":"GHY-B000159","source_osm_id":"1224728447","source_name":"Guwahati Public School","source_type":"","source_building_levels":"2","source_height_m":null,"height_m":6.4,"floors_estimated":2,"height_source":"levels_x_3.2m","floors_source":"source_levels","data_status":"real_footprint_derived_height","identity_status":"prototype_internal_id","display_name":"Guwahati Public School"},"geometry":{"type":"Polygon","coordinates":[[[91.8436406,26.1329881],[91.844674,26.1324365],[91.8447533,26.1324035],[91.8452003,26.1322157],[91.8453834,26.1324693],[91.845815,26.1323704],[91.8465767,26.1325433],[91.8467004,26.1325591],[91.8467948,26.1326133],[91.846857,26.1327212],[91.8469164,26.132767],[91.8470353,26.1328432],[91.8476271,26.1332728],[91.8476696,26.1332982],[91.8476951,26.1335372],[91.847126,26.1334914],[91.8470014,26.1331762],[91.8468994,26.1330898],[91.846789,26.1330644],[91.8466673,26.1330491],[91.8465484,26.1330822],[91.8464917,26.133133],[91.8464804,26.1331737],[91.8465059,26.1332194],[91.8465852,26.1333033],[91.846789,26.1334253],[91.8468284,26.1334815],[91.8467574,26.1336928],[91.846664,26.1337263],[91.8465706,26.1336458],[91.8463352,26.133287],[91.8459542,26.1328073],[91.8458197,26.132804],[91.8455992,26.1329381],[91.8454984,26.1329214],[91.8453527,26.1327771],[91.8452593,26.1327771],[91.8446503,26.1329985],[91.843918,26.1332467],[91.843664,26.1333239],[91.8435965,26.1332035],[91.8436378,26.1330891],[91.8436406,26.1329881]]]}},{"type":"Feature","id":"GHY-B000160","properties":{"building_id":"GHY-B000160","source_osm_id":"1224728449","source_name":"Accelcraft ]","source_type":"","source_building_levels":"2","source_height_m":null,"height_m":6.4,"floors_estimated":2,"height_source":"levels_x_3.2m","floors_source":"source_levels","data_status":"real_footprint_derived_height","identity_status":"prototype_internal_id","display_name":"Accelcraft ]"},"geometry":{"type":"Polygon","coordinates":[[[91.8124597,26.1329778],[91.8124326,26.1328705],[91.8124917,26.1328606],[91.8125201,26.132969],[91.8124597,26.1329778]]]}},{"type":"Feature","id":"GHY-B000161","properties":{"building_id":"GHY-B000161","source_osm_id":"1225015806","source_name":"Prabhat","source_type":"residential","source_building_levels":"3","source_height_m":null,"height_m":9.6,"floors_estimated":3,"height_source":"levels_x_3.2m","floors_source":"source_levels","data_status":"real_footprint_derived_height","identity_status":"prototype_internal_id","display_name":"Prabhat"},"geometry":{"type":"Polygon","coordinates":[[[91.7602193,26.1909448],[91.7602158,26.1909171],[91.7601295,26.1909201],[91.7601227,26.1908215],[91.760264,26.1908234],[91.7602722,26.1908358],[91.7602727,26.1909453],[91.7602193,26.1909448]]]}},{"type":"Feature","id":"GHY-B000162","properties":{"building_id":"GHY-B000162","source_osm_id":"1225015797","source_name":"Gyan Ashram","source_type":"residential","source_building_levels":"6","source_height_m":null,"height_m":19.2,"floors_estimated":6,"height_source":"levels_x_3.2m","floors_source":"source_levels","data_status":"real_footprint_derived_height","identity_status":"prototype_internal_id","display_name":"Gyan Ashram"},"geometry":{"type":"Polygon","coordinates":[[[91.7587984,26.1912958],[91.7587738,26.1912848],[91.7587799,26.1912405],[91.7588231,26.1912156],[91.7588754,26.1912322],[91.758971,26.1912322],[91.7589925,26.1911797],[91.7590295,26.1910995],[91.759088,26.1911134],[91.7591959,26.1911299],[91.759353,26.191188],[91.7594547,26.1911991],[91.7595225,26.1912184],[91.7596673,26.1912378],[91.7597474,26.1912958],[91.7597505,26.1913981],[91.7597258,26.1914313],[91.7595286,26.1914396],[91.7593653,26.1914838],[91.759239,26.1914645],[91.7590387,26.1914811],[91.7587984,26.1913954],[91.7587984,26.1912958]]]}},{"type":"Feature","id":"GHY-B000163","properties":{"building_id":"GHY-B000163","source_osm_id":"1225015803","source_name":null,"source_type":"residential","source_building_levels":"2","source_height_m":null,"height_m":6.4,"floors_estimated":2,"height_source":"levels_x_3.2m","floors_source":"source_levels","data_status":"real_footprint_derived_height","identity_status":"prototype_internal_id","display_name":"GHY-B000163"},"geometry":{"type":"Polygon","coordinates":[[[91.7599462,26.1907285],[91.7598752,26.1907278],[91.759864,26.1906959],[91.7598589,26.1906366],[91.7598548,26.1905828],[91.7598376,26.1905847],[91.7598376,26.1905473],[91.7598558,26.1905418],[91.7598457,26.1904962],[91.7598741,26.1904853],[91.7599103,26.190488],[91.7599097,26.1905482],[91.759927,26.1906868],[91.7599399,26.1907147],[91.7599462,26.1907285]]]}},{"type":"Feature","id":"GHY-B000164","properties":{"building_id":"GHY-B000164","source_osm_id":"1225015804","source_name":"GREEN TECH VILLA","source_type":"residential","source_building_levels":"4","source_height_m":null,"height_m":12.8,"floors_estimated":4,"height_source":"levels_x_3.2m","floors_source":"source_levels","data_status":"real_footprint_derived_height","identity_status":"prototype_internal_id","display_name":"GREEN TECH VILLA"},"geometry":{"type":"Polygon","coordinates":[[[91.7603977,26.1906349],[91.7603216,26.1906357],[91.7603287,26.1905841],[91.7603243,26.1905468],[91.760311,26.1905357],[91.7602995,26.190442],[91.7603605,26.1904293],[91.7603694,26.1904611],[91.7603809,26.1904595],[91.7604092,26.1904595],[91.7604411,26.1904571],[91.7604358,26.1905174],[91.7604101,26.1905214],[91.7604304,26.1905595],[91.760395,26.1905857],[91.7603933,26.1906048],[91.7603977,26.1906349]]]}},{"type":"Feature","id":"GHY-B000165","properties":{"building_id":"GHY-B000165","source_osm_id":"1225015805","source_name":null,"source_type":"residential","source_building_levels":"3","source_height_m":null,"height_m":9.6,"floors_estimated":3,"height_source":"levels_x_3.2m","floors_source":"source_levels","data_status":"real_footprint_derived_height","identity_status":"prototype_internal_id","display_name":"GHY-B000165"},"geometry":{"type":"Polygon","coordinates":[[[91.7601457,26.1906928],[91.7601256,26.1906663],[91.7601055,26.1904353],[91.7602047,26.1904196],[91.7602476,26.1906988],[91.7601457,26.1906928]]]}},{"type":"Feature","id":"GHY-B000166","properties":{"building_id":"GHY-B000166","source_osm_id":"1225015806","source_name":null,"source_type":"residential","source_building_levels":"3","source_height_m":null,"height_m":9.6,"floors_estimated":3,"height_source":"levels_x_3.2m","floors_source":"source_levels","data_status":"real_footprint_derived_height","identity_status":"prototype_internal_id","display_name":"GHY-B000166"},"geometry":{"type":"Polygon","coordinates":[[[91.7601297,26.1911478],[91.7601083,26.1909439],[91.7602193,26.1909448],[91.7602353,26.1909672],[91.7602831,26.1909865],[91.7603046,26.1910708],[91.7602338,26.1910736],[91.7602615,26.1911704],[91.7601297,26.1911478]]]}},{"type":"Feature","id":"GHY-B000167","properties":{"building_id":"GHY-B000167","source_osm_id":"1225015807","source_name":null,"source_type":"house","source_building_levels":"1","source_height_m":null,"height_m":3.2,"floors_estimated":1,"height_source":"levels_x_3.2m","floors_source":"source_levels","data_status":"real_footprint_derived_height","identity_status":"prototype_internal_id","display_name":"GHY-B000167"},"geometry":{"type":"Polygon","coordinates":[[[91.760337,26.1911621],[91.76032,26.1911372],[91.7603339,26.1911234],[91.7603339,26.191075],[91.760431,26.1910487],[91.7604803,26.1910625],[91.7604818,26.1910957],[91.7604695,26.191122],[91.7604572,26.1911524],[91.7604356,26.1911939],[91.7603832,26.1911828],[91.760337,26.1911621]]]}},{"type":"Feature","id":"GHY-B000168","properties":{"building_id":"GHY-B000168","source_osm_id":"1256463561","source_name":"Institute of Cooperative Management Guwahati","source_type":"","source_building_levels":"1","source_height_m":"30","height_m":30.0,"floors_estimated":1,"height_source":"source_height","floors_source":"source_levels","data_status":"real_footprint_derived_height","identity_status":"prototype_internal_id","display_name":"Institute of Cooperative Management Guwahati"},"geometry":{"type":"Polygon","coordinates":[[[91.8134776,26.1473253],[91.8134776,26.1471798],[91.8137838,26.1471659],[91.8137658,26.1473876],[91.8134776,26.1473253]]]}},{"type":"Feature","id":"GHY-B000169","properties":{"building_id":"GHY-B000169","source_osm_id":"1294944001","source_name":null,"source_type":"school","source_building_levels":"1","source_height_m":null,"height_m":3.2,"floors_estimated":1,"height_source":"levels_x_3.2m","floors_source":"source_levels","data_status":"real_footprint_derived_height","identity_status":"prototype_internal_id","display_name":"GHY-B000169"},"geometry":{"type":"Polygon","coordinates":[[[91.8370194,26.1815967],[91.8369418,26.1812649],[91.8370819,26.1812413],[91.8371518,26.1815821],[91.8370194,26.1815967]]]}},{"type":"Feature","id":"GHY-B000170","properties":{"building_id":"GHY-B000170","source_osm_id":"1294944002","source_name":null,"source_type":"school","source_building_levels":"1","source_height_m":null,"height_m":3.2,"floors_estimated":1,"height_source":"levels_x_3.2m","floors_source":"source_levels","data_status":"real_footprint_derived_height","identity_status":"prototype_internal_id","display_name":"GHY-B000170"},"geometry":{"type":"Polygon","coordinates":[[[91.8368875,26.1810183],[91.8370062,26.1809787],[91.8370775,26.1812261],[91.8369467,26.1812517],[91.8368875,26.1810183]]]}},{"type":"Feature","id":"GHY-B000171","properties":{"building_id":"GHY-B000171","source_osm_id":"1294944003","source_name":null,"source_type":"school","source_building_levels":"1","source_height_m":null,"height_m":3.2,"floors_estimated":1,"height_source":"levels_x_3.2m","floors_source":"source_levels","data_status":"real_footprint_derived_height","identity_status":"prototype_internal_id","display_name":"GHY-B000171"},"geometry":{"type":"Polygon","coordinates":[[[91.8366657,26.1805593],[91.8367668,26.1805217],[91.8369812,26.1809453],[91.8368678,26.1809851],[91.8366657,26.1805593]]]}},{"type":"Feature","id":"GHY-B000172","properties":{"building_id":"GHY-B000172","source_osm_id":"1318278745","source_name":null,"source_type":"","source_building_levels":"3","source_height_m":null,"height_m":9.6,"floors_estimated":3,"height_source":"levels_x_3.2m","floors_source":"source_levels","data_status":"real_footprint_derived_height","identity_status":"prototype_internal_id","display_name":"GHY-B000172"},"geometry":{"type":"Polygon","coordinates":[[[91.8367828,26.1816277],[91.8366171,26.1811711],[91.8367319,26.181132],[91.8369072,26.1815868],[91.8367828,26.1816277]]]}},{"type":"Feature","id":"GHY-B000173","properties":{"building_id":"GHY-B000173","source_osm_id":"1294949108","source_name":null,"source_type":"school","source_building_levels":"4","source_height_m":null,"height_m":12.8,"floors_estimated":4,"height_source":"levels_x_3.2m","floors_source":"source_levels","data_status":"real_footprint_derived_height","identity_status":"prototype_internal_id","display_name":"GHY-B000173"},"geometry":{"type":"Polygon","coordinates":[[[91.7393184,26.0949181],[91.7390583,26.0947609],[91.7391891,26.0945435],[91.7391155,26.0945676],[91.7391013,26.0945257],[91.7391735,26.0945028],[91.7390022,26.0943858],[91.7392032,26.0941188],[91.7394397,26.0942371],[91.7394014,26.0942663],[91.7394708,26.0942676],[91.7394666,26.0943083],[91.7394269,26.0943134],[91.7394382,26.0943451],[91.7393788,26.094457],[91.7393901,26.0945041],[91.7395101,26.0945735],[91.7394524,26.0946388],[91.7395175,26.0946563],[91.7395217,26.0946716],[91.7394637,26.094691],[91.739502,26.0947405],[91.7393184,26.0949181]]]}},{"type":"Feature","id":"GHY-B000174","properties":{"building_id":"GHY-B000174","source_osm_id":"1295154148","source_name":null,"source_type":"house","source_building_levels":"2","source_height_m":null,"height_m":6.4,"floors_estimated":2,"height_source":"levels_x_3.2m","floors_source":"source_levels","data_status":"real_footprint_derived_height","identity_status":"prototype_internal_id","display_name":"GHY-B000174"},"geometry":{"type":"Polygon","coordinates":[[[91.7976986,26.1303488],[91.7976956,26.1302279],[91.7978543,26.1302247],[91.7978573,26.1303456],[91.7976986,26.1303488]]]}},{"type":"Feature","id":"GHY-B000175","properties":{"building_id":"GHY-B000175","source_osm_id":"1295154149","source_name":"Aastha","source_type":"apartments","source_building_levels":"3","source_height_m":null,"height_m":9.6,"floors_estimated":3,"height_source":"levels_x_3.2m","floors_source":"source_levels","data_status":"real_footprint_derived_height","identity_status":"prototype_internal_id","display_name":"Aastha"},"geometry":{"type":"Polygon","coordinates":[[[91.7976767,26.1302119],[91.7976783,26.1300774],[91.7979551,26.1300801],[91.7979535,26.1302146],[91.7976767,26.1302119]]]}},{"type":"Feature","id":"GHY-B000176","properties":{"building_id":"GHY-B000176","source_osm_id":"1318268416","source_name":null,"source_type":"house","source_building_levels":"3","source_height_m":null,"height_m":9.6,"floors_estimated":3,"height_source":"levels_x_3.2m","floors_source":"source_levels","data_status":"real_footprint_derived_height","identity_status":"prototype_internal_id","display_name":"GHY-B000176"},"geometry":{"type":"Polygon","coordinates":[[[91.7935118,26.1265706],[91.7936717,26.1265786],[91.7936618,26.1267384],[91.7935019,26.1267304],[91.7935118,26.1265706]]]}},{"type":"Feature","id":"GHY-B000177","properties":{"building_id":"GHY-B000177","source_osm_id":"1318278744","source_name":null,"source_type":"school","source_building_levels":"3","source_height_m":null,"height_m":9.6,"floors_estimated":3,"height_source":"levels_x_3.2m","floors_source":"source_levels","data_status":"real_footprint_derived_height","identity_status":"prototype_internal_id","display_name":"GHY-B000177"},"geometry":{"type":"Polygon","coordinates":[[[91.836573,26.1810818],[91.8363761,26.1806573],[91.8366416,26.1805581],[91.836689,26.1806604],[91.8366494,26.1806752],[91.8367989,26.1809973],[91.836573,26.1810818]]]}},{"type":"Feature","id":"GHY-B000178","properties":{"building_id":"GHY-B000178","source_osm_id":"1335028639","source_name":"Transgarden Apartment","source_type":"apartments","source_building_levels":"8","source_height_m":null,"height_m":25.6,"floors_estimated":8,"height_source":"levels_x_3.2m","floors_source":"source_levels","data_status":"real_footprint_derived_height","identity_status":"prototype_internal_id","display_name":"Transgarden Apartment"},"geometry":{"type":"Polygon","coordinates":[[[91.8081583,26.1063672],[91.8079273,26.1063202],[91.807767,26.1062178],[91.8077023,26.1059329],[91.8077054,26.1057696],[91.8076438,26.1056866],[91.8074836,26.1054791],[91.8074404,26.1052495],[91.8073881,26.1051305],[91.807385,26.1050503],[91.8073881,26.1049451],[91.8075945,26.1048898],[91.8076746,26.104959],[91.8077516,26.1050973],[91.8077794,26.1052024],[91.8077948,26.1052772],[91.8078749,26.1053242],[91.8079365,26.1051277],[91.8081522,26.1050669],[91.8082693,26.1051167],[91.8083155,26.1051941],[91.8082723,26.1052827],[91.8082723,26.1053823],[91.8081953,26.1055898],[91.8081922,26.1056811],[91.8082045,26.1057669],[91.80822,26.105908],[91.8082785,26.1060103],[91.8082816,26.1061597],[91.8082569,26.1062676],[91.8082323,26.1063202],[91.8081583,26.1063672]]]}},{"type":"Feature","id":"GHY-B000179","properties":{"building_id":"GHY-B000179","source_osm_id":"1389439658","source_name":"Gokul Prime","source_type":"apartments","source_building_levels":"6","source_height_m":null,"height_m":19.2,"floors_estimated":6,"height_source":"levels_x_3.2m","floors_source":"source_levels","data_status":"real_footprint_derived_height","identity_status":"prototype_internal_id","display_name":"Gokul Prime"},"geometry":{"type":"Polygon","coordinates":[[[91.7546117,26.1406026],[91.7545009,26.1406178],[91.7545009,26.1397988],[91.7545901,26.1397905],[91.7546117,26.1406026]]]}},{"type":"Feature","id":"GHY-B000180","properties":{"building_id":"GHY-B000180","source_osm_id":"1454628779","source_name":null,"source_type":"house","source_building_levels":"3","source_height_m":null,"height_m":9.6,"floors_estimated":3,"height_source":"levels_x_3.2m","floors_source":"source_levels","data_status":"real_footprint_derived_height","identity_status":"prototype_internal_id","display_name":"GHY-B000180"},"geometry":{"type":"Polygon","coordinates":[[[91.7975644,26.1302354],[91.797352,26.1302547],[91.7973309,26.1300677],[91.7975434,26.1300484],[91.7975644,26.1302354]]]}},{"type":"Feature","id":"GHY-B000181","properties":{"building_id":"GHY-B000181","source_osm_id":"1454628780","source_name":null,"source_type":"house","source_building_levels":"3","source_height_m":null,"height_m":9.6,"floors_estimated":3,"height_source":"levels_x_3.2m","floors_source":"source_levels","data_status":"real_footprint_derived_height","identity_status":"prototype_internal_id","display_name":"GHY-B000181"},"geometry":{"type":"Polygon","coordinates":[[[91.7973949,26.1302949],[91.7975882,26.1302731],[91.7976013,26.1303956],[91.7975621,26.1304635],[91.7974257,26.1304476],[91.7973949,26.1302949]]]}},{"type":"Feature","id":"GHY-B000182","properties":{"building_id":"GHY-B000182","source_osm_id":"1456237790","source_name":"Divya Apartment","source_type":"apartments","source_building_levels":"6","source_height_m":null,"height_m":19.2,"floors_estimated":6,"height_source":"levels_x_3.2m","floors_source":"source_levels","data_status":"real_footprint_derived_height","identity_status":"prototype_internal_id","display_name":"Divya Apartment"},"geometry":{"type":"Polygon","coordinates":[[[91.7923051,26.121097],[91.7923103,26.1208478],[91.7924582,26.1208501],[91.79244,26.1211087],[91.7923051,26.121097]]]}},{"type":"Feature","id":"GHY-B000183","properties":{"building_id":"GHY-B000183","source_osm_id":"1465513185","source_name":"Pristine Residency","source_type":"apartments","source_building_levels":"4","source_height_m":null,"height_m":12.8,"floors_estimated":4,"height_source":"levels_x_3.2m","floors_source":"source_levels","data_status":"real_footprint_derived_height","identity_status":"prototype_internal_id","display_name":"Pristine Residency"},"geometry":{"type":"Polygon","coordinates":[[[91.7937949,26.1293612],[91.7937981,26.1291427],[91.7939595,26.1291471],[91.7939539,26.1293645],[91.7937949,26.1293612]]]}},{"type":"Feature","id":"GHY-B000184","properties":{"building_id":"GHY-B000184","source_osm_id":"1465513188","source_name":"Apna Ghar","source_type":"residential","source_building_levels":"3","source_height_m":null,"height_m":9.6,"floors_estimated":3,"height_source":"levels_x_3.2m","floors_source":"source_levels","data_status":"real_footprint_derived_height","identity_status":"prototype_internal_id","display_name":"Apna Ghar"},"geometry":{"type":"Polygon","coordinates":[[[91.7941059,26.1284541],[91.7943018,26.1284486],[91.7943031,26.1286345],[91.7941059,26.1286356],[91.7941059,26.1284541]]]}},{"type":"Feature","id":"GHY-B000185","properties":{"building_id":"GHY-B000185","source_osm_id":"1465513189","source_name":"Srishti Enclave","source_type":"residential","source_building_levels":"3","source_height_m":null,"height_m":9.6,"floors_estimated":3,"height_source":"levels_x_3.2m","floors_source":"source_levels","data_status":"real_footprint_derived_height","identity_status":"prototype_internal_id","display_name":"Srishti Enclave"},"geometry":{"type":"Polygon","coordinates":[[[91.7941026,26.1284241],[91.7941032,26.12833],[91.7943193,26.1283311],[91.7943187,26.1284251],[91.7941026,26.1284241]]]}},{"type":"Feature","id":"GHY-B000186","properties":{"building_id":"GHY-B000186","source_osm_id":"1465513190","source_name":null,"source_type":"residential","source_building_levels":"4","source_height_m":null,"height_m":12.8,"floors_estimated":4,"height_source":"levels_x_3.2m","floors_source":"source_levels","data_status":"real_footprint_derived_height","identity_status":"prototype_internal_id","display_name":"GHY-B000186"},"geometry":{"type":"Polygon","coordinates":[[[91.7939953,26.1282699],[91.7938816,26.128266],[91.7938865,26.1281299],[91.7940011,26.1281344],[91.7939953,26.1282699]]]}},{"type":"Feature","id":"GHY-B000187","properties":{"building_id":"GHY-B000187","source_osm_id":"1465513192","source_name":"SS Apartment","source_type":"apartments","source_building_levels":"7","source_height_m":null,"height_m":22.4,"floors_estimated":7,"height_source":"levels_x_3.2m","floors_source":"source_levels","data_status":"real_footprint_derived_height","identity_status":"prototype_internal_id","display_name":"SS Apartment"},"geometry":{"type":"Polygon","coordinates":[[[91.7935116,26.1275456],[91.7935126,26.1273899],[91.7939273,26.1273987],[91.7939175,26.1275476],[91.7935116,26.1275456]]]}},{"type":"Feature","id":"GHY-B000188","properties":{"building_id":"GHY-B000188","source_osm_id":"1501293391","source_name":null,"source_type":"retail","source_building_levels":"8","source_height_m":null,"height_m":25.6,"floors_estimated":8,"height_source":"levels_x_3.2m","floors_source":"source_levels","data_status":"real_footprint_derived_height","identity_status":"prototype_internal_id","display_name":"GHY-B000188"},"geometry":{"type":"Polygon","coordinates":[[[91.7777011,26.1572614],[91.777911,26.157118],[91.7785605,26.1578836],[91.7783709,26.1580131],[91.7783298,26.1579646],[91.7783163,26.1579738],[91.7782526,26.1578987],[91.7782691,26.1578874],[91.7780451,26.1576234],[91.7780319,26.1576324],[91.7779871,26.1575795],[91.7780001,26.1575706],[91.7777933,26.1573267],[91.77777,26.1573427],[91.7777011,26.1572614]]]}},{"type":"Feature","id":"GHY-B000189","properties":{"building_id":"GHY-B000189","source_osm_id":"1501293392","source_name":null,"source_type":"","source_building_levels":"8","source_height_m":null,"height_m":25.6,"floors_estimated":8,"height_source":"levels_x_3.2m","floors_source":"source_levels","data_status":"real_footprint_derived_height","identity_status":"prototype_internal_id","display_name":"GHY-B000189"},"geometry":{"type":"Polygon","coordinates":[[[91.7784096,26.1580117],[91.7785707,26.1578986],[91.7787768,26.158135],[91.7786158,26.1582481],[91.7784096,26.1580117]]]}},{"type":"Feature","id":"GHY-B000190","properties":{"building_id":"GHY-B000190","source_osm_id":"1510928220","source_name":"Dhritiman Talukdar's Home","source_type":"house","source_building_levels":"2","source_height_m":null,"height_m":6.4,"floors_estimated":2,"height_source":"levels_x_3.2m","floors_source":"source_levels","data_status":"real_footprint_derived_height","identity_status":"prototype_internal_id","display_name":"Dhritiman Talukdar's Home"},"geometry":{"type":"Polygon","coordinates":[[[91.8273125,26.15402],[91.8272242,26.1537757],[91.827321,26.153743],[91.8274205,26.1540061],[91.8273125,26.15402]]]}}]}